d_os_20_10_1_6_10_9_5_3,d_os,20,6,10,9,5,3,uniform,10,0,uniform,1,0,400,1,1.5,0.5,23.051.807.254.120.200,5.637.951.813.530.050,2.805,5.0,34.0,0.0
d_os_20_10_1_6_10_9_10_3,d_os,20,6,10,9,10,3,uniform,10,0,uniform,1,0,400,1,1.5,0.5,10.814.977.475.762.900,24.541.193.689.407.400,1.11,9.985,69.4,0.0
d_os_20_10_1_6_10_9_15_3,d_os,20,6,10,9,15,3,uniform,10,0,uniform,1,0,400,1,1.5,0.5,53.693.722.955.583.200,9.993.430.738.895.810,0.09,13.72,97.0,0.0
d_os_20_10_1_6_10_9_20_3,d_os,20,6,10,9,20,3,uniform,10,0,uniform,1,0,400,1,1.5,0.5,427.108.961.529.605,6.923.974.038.240.120,0.0,15.015,107.6,0.5
d_os_20_10_1_6_10_9_25_3,d_os,20,6,10,9,25,3,uniform,10,0,uniform,1,0,400,1,1.5,0.5,4.476.210.605.814.380,7.514.276.514.535.950,0.0,14.705,106.3,0.5
d_os_20_10_1_9_10_9_5_3,d_os,20,9,10,9,5,3,uniform,10,0,uniform,1,0,400,1,1.5,0.5,2.011.552.111.716.310,49.038.802.792.907.800,2.51,5.0,37.0,0.0
d_os_20_10_1_9_10_9_10_3,d_os,20,9,10,9,10,3,uniform,10,0,uniform,1,0,400,1,1.5,0.5,9.667.382.330.493.330,21.672.205.826.233.300,965.0,9.985,68.7,0.0
d_os_20_10_1_9_10_9_15_3,d_os,20,9,10,9,15,3,uniform,10,0,uniform,1,0,400,1,1.5,0.5,479.874.931.133.524,86.306.232.783.381,0.05,13.465,95.6,0.2
d_os_20_10_1_9_10_9_20_3,d_os,20,9,10,9,20,3,uniform,10,0,uniform,1,0,400,1,1.5,0.5,4.751.071.421.483.760,845.017.855.370.941,0.0,13.71,99.1,0.7
d_os_20_10_1_9_10_9_25_3,d_os,20,9,10,9,25,3,uniform,10,0,uniform,1,0,400,1,1.5,0.5,4.606.639.564.116.410,7.859.098.910.291.030,0.0,14.63,103.0,0.7
d_os_20_10_1_12_10_9_5_3,d_os,20,12,10,9,5,3,uniform,10,0,uniform,1,0,400,1,1.5,0.5,20.257.890.903.418.200,49.394.727.258.545.700,2.46,5.0,35.0,0.0
d_os_20_10_1_12_10_9_10_3,d_os,20,12,10,9,10,3,uniform,10,0,uniform,1,0,400,1,1.5,0.5,8.589.079.919.926.890,18.976.449.799.817.200,735.0,9.985,71.7,0.0
d_os_20_10_1_12_10_9_15_3,d_os,20,12,10,9,15,3,uniform,10,0,uniform,1,0,400,1,1.5,0.5,50.560.293.173.984.500,9.152.573.293.496.140,45.0,13.95,96.7,0.0
d_os_20_10_1_12_10_9_20_3,d_os,20,12,10,9,20,3,uniform,10,0,uniform,1,0,400,1,1.5,0.5,46.188.162.355.061.800,7.959.540.588.765.460,5.0,14.35,102.3,0.9
d_os_20_10_1_12_10_9_25_3,d_os,20,12,10,9,25,3,uniform,10,0,uniform,1,0,400,1,1.5,0.5,4.486.316.578.149.990,7.628.291.445.374.980,0.0,14.35,102.4,0.7
d_os_20_10_1_15_10_9_5_3,d_os,20,15,10,9,5,3,uniform,10,0,uniform,1,0,400,1,1.5,0.5,19.060.689.733.402.300,46.401.724.333.505.800,2.255,5.0,36.0,0.0
d_os_20_10_1_15_10_9_10_3,d_os,20,15,10,9,10,3,uniform,10,0,uniform,1,0,400,1,1.5,0.5,7.459.299.391.320.730,16.151.998.478.301.800,0.61,9.985,70.7,0.0
d_os_20_10_1_15_10_9_15_3,d_os,20,15,10,9,15,3,uniform,10,0,uniform,1,0,400,1,1.5,0.5,4.834.738.570.478.220,8.674.346.426.195.570,25.0,13.65,96.1,0.0
d_os_20_10_1_15_10_9_20_3,d_os,20,15,10,9,20,3,uniform,10,0,uniform,1,0,400,1,1.5,0.5,45.237.011.945.292.000,7.779.252.986.323.000,0.0,14.12,102.0,0.8
d_os_20_10_1_15_10_9_25_3,d_os,20,15,10,9,25,3,uniform,10,0,uniform,1,0,400,1,1.5,0.5,4.476.832.316.933.000,7.525.830.792.332.510,0.0,14.665,103.4,0.5
d_os_20_10_1_6_15_9_5_3,d_os,20,6,15,9,5,3,uniform,10,0,uniform,1,0,400,1,1.5,0.5,20.327.398.789.165.300,49.568.496.972.913.200,2.43,5.0,37.0,0.0
d_os_20_10_1_6_15_9_10_3,d_os,20,6,15,9,10,3,uniform,10,0,uniform,1,0,400,1,1.5,0.5,8.398.766.652.110.070,18.500.666.630.275.100,785.0,9.985,70.7,0.0
d_os_20_10_1_6_15_9_15_3,d_os,20,6,15,9,15,3,uniform,10,0,uniform,1,0,400,1,1.5,0.5,49.050.618.416.107.500,8.773.904.604.026.880,55.0,13.955,96.2,0.4
d_os_20_10_1_6_15_9_20_3,d_os,20,6,15,9,20,3,uniform,10,0,uniform,1,0,400,1,1.5,0.5,45.425.741.916.707.700,7.826.435.479.176.940,0.0,14.12,101.4,0.6
d_os_20_10_1_6_15_9_25_3,d_os,20,6,15,9,25,3,uniform,10,0,uniform,1,0,400,1,1.5,0.5,44.955.681.301.959.900,7.668.920.325.489.980,0.0,14.28,102.8,0.4
d_os_20_10_1_9_15_9_5_3,d_os,20,9,15,9,5,3,uniform,10,0,uniform,1,0,400,1,1.5,0.5,19.075.289.994.998.700,46.438.224.987.496.900,2.26,5.0,37.0,0.0
d_os_20_10_1_9_15_9_10_3,d_os,20,9,15,9,10,3,uniform,10,0,uniform,1,0,400,1,1.5,0.5,7.153.758.470.703.380,15.389.396.176.758.400,535.0,9.98,74.0,0.0
d_os_20_10_1_9_15_9_15_3,d_os,20,9,15,9,15,3,uniform,10,0,uniform,1,0,400,1,1.5,0.5,4.903.086.127.304.970,8.766.465.318.262.430,35.0,13.965,96.9,0.0
d_os_20_10_1_9_15_9_20_3,d_os,20,9,15,9,20,3,uniform,10,0,uniform,1,0,400,1,1.5,0.5,4.894.920.316.409.830,8.794.800.791.024.590,0.0,13.77,96.6,0.6
d_os_20_10_1_9_15_9_25_3,d_os,20,9,15,9,25,3,uniform,10,0,uniform,1,0,400,1,1.5,0.5,4.498.375.228.876.120,7.589.688.072.190.300,0.0,14.625,105.3,1.1
d_os_20_10_1_12_15_9_5_3,d_os,20,12,15,9,5,3,uniform,10,0,uniform,1,0,400,1,1.5,0.5,1.804.739.702.920.620,4.386.849.257.301.550,2.205,5.0,35.0,0.0
d_os_20_10_1_12_15_9_10_3,d_os,20,12,15,9,10,3,uniform,10,0,uniform,1,0,400,1,1.5,0.5,60.710.046.877.073.100,1.268.251.171.926.820,0.35,9.98,73.9,0.0
d_os_20_10_1_12_15_9_15_3,d_os,20,12,15,9,15,3,uniform,10,0,uniform,1,0,400,1,1.5,0.5,4.733.967.726.812.620,8.478.669.317.031.550,0.0,13.425,97.5,0.0
d_os_20_10_1_12_15_9_20_3,d_os,20,12,15,9,20,3,uniform,10,0,uniform,1,0,400,1,1.5,0.5,4.914.485.029.438.650,8.738.712.573.596.630,0.0,14.19,99.1,0.6
d_os_20_10_1_12_15_9_25_3,d_os,20,12,15,9,25,3,uniform,10,0,uniform,1,0,400,1,1.5,0.5,4.562.003.104.734.580,7.778.757.761.836.450,0.0,14.505,103.3,0.5
d_os_20_10_1_15_15_9_5_3,d_os,20,15,15,9,5,3,uniform,10,0,uniform,1,0,400,1,1.5,0.5,16.436.000.016.905.000,3.984.000.004.226.250,2.005,5.0,36.0,0.0
d_os_20_10_1_15_15_9_10_3,d_os,20,15,15,9,10,3,uniform,10,0,uniform,1,0,400,1,1.5,0.5,6.757.717.441.606.600,14.399.293.604.016.500,0.45,9.98,69.0,0.0
d_os_20_10_1_15_15_9_15_3,d_os,20,15,15,9,15,3,uniform,10,0,uniform,1,0,400,1,1.5,0.5,4.868.686.443.445.840,8.702.966.108.614.600,0.0,13.875,97.2,0.0
d_os_20_10_1_15_15_9_20_3,d_os,20,15,15,9,20,3,uniform,10,0,uniform,1,0,400,1,1.5,0.5,4.302.220.622.138.570,7.179.301.555.346.430,0.0,14.305,104.1,0.8
d_os_20_10_1_15_15_9_25_3,d_os,20,15,15,9,25,3,uniform,10,0,uniform,1,0,400,1,1.5,0.5,47.060.036.252.023.700,813.750.906.300.593,0.0,14.51,102.4,0.4
d_os_20_10_1_6_20_9_5_3,d_os,20,6,20,9,5,3,uniform,10,0,uniform,1,0,400,1,1.5,0.5,19.028.065.267.323.100,46.320.163.168.307.900,2.26,5.0,35.0,0.0
d_os_20_10_1_6_20_9_10_3,d_os,20,6,20,9,10,3,uniform,10,0,uniform,1,0,400,1,1.5,0.5,6.732.834.595.483.950,1.433.833.648.870.980,0.47,9.975,71.9,0.0
d_os_20_10_1_6_20_9_15_3,d_os,20,6,20,9,15,3,uniform,10,0,uniform,1,0,400,1,1.5,0.5,4.900.053.795.620.310,875.138.448.905.078,0.03,13.995,96.2,0.0
d_os_20_10_1_6_20_9_20_3,d_os,20,6,20,9,20,3,uniform,10,0,uniform,1,0,400,1,1.5,0.5,4.705.277.591.814.800,8.208.193.979.537.000,0.0,14.22,101.5,0.6
d_os_20_10_1_6_20_9_25_3,d_os,20,6,20,9,25,3,uniform,10,0,uniform,1,0,400,1,1.5,0.5,469.659.081.933.674,8.452.727.048.341.840,0.0,13.155,98.6,0.6
d_os_20_10_1_9_20_9_5_3,d_os,20,9,20,9,5,3,uniform,10,0,uniform,1,0,400,1,1.5,0.5,1.684.176.065.204.710,40.854.401.630.117.800,1.975,5.0,38.0,0.0
d_os_20_10_1_9_20_9_10_3,d_os,20,9,20,9,10,3,uniform,10,0,uniform,1,0,400,1,1.5,0.5,6.460.150.757.129.710,136.541.268.928.243,0.41,9.985,71.0,0.0
d_os_20_10_1_9_20_9_15_3,d_os,20,9,20,9,15,3,uniform,10,0,uniform,1,0,400,1,1.5,0.5,4.844.179.085.770.220,864.044.771.442.557,0.0,13.88,97.5,0.1
d_os_20_10_1_9_20_9_20_3,d_os,20,9,20,9,20,3,uniform,10,0,uniform,1,0,400,1,1.5,0.5,4.297.452.471.669.360,7.142.381.179.173.400,0.0,14.405,104.1,0.4
d_os_20_10_1_9_20_9_25_3,d_os,20,9,20,9,25,3,uniform,10,0,uniform,1,0,400,1,1.5,0.5,45.566.648.997.306.500,7.730.412.249.326.640,0.0,14.645,102.0,0.8
d_os_20_10_1_12_20_9_5_3,d_os,20,12,20,9,5,3,uniform,10,0,uniform,1,0,400,1,1.5,0.5,14.900.188.580.470.500,3.600.047.145.117.620,1.765,5.0,39.0,0.0
d_os_20_10_1_12_20_9_10_3,d_os,20,12,20,9,10,3,uniform,10,0,uniform,1,0,400,1,1.5,0.5,61.687.612.487.299.500,12.928.153.121.824.800,0.36,9.975,68.9,0.0
d_os_20_10_1_12_20_9_15_3,d_os,20,12,20,9,15,3,uniform,10,0,uniform,1,0,400,1,1.5,0.5,48.593.023.731.543.100,8.647.005.932.885.780,0.0,14.005,97.1,0.1
d_os_20_10_1_12_20_9_20_3,d_os,20,12,20,9,20,3,uniform,10,0,uniform,1,0,400,1,1.5,0.5,44.301.589.944.122.900,763.289.748.603.075,0.0,13.77,99.1,0.5
d_os_20_10_1_12_20_9_25_3,d_os,20,12,20,9,25,3,uniform,10,0,uniform,1,0,400,1,1.5,0.5,44.231.573.293.541.300,7.319.143.323.385.330,0.0,14.955,104.7,0.5
d_os_20_10_1_15_20_9_5_3,d_os,20,15,20,9,5,3,uniform,10,0,uniform,1,0,400,1,1.5,0.5,15.515.329.790.918.000,37.538.324.477.295.000,1.82,5.0,35.0,0.0
d_os_20_10_1_15_20_9_10_3,d_os,20,15,20,9,10,3,uniform,10,0,uniform,1,0,400,1,1.5,0.5,56.971.616.179.451.900,1.174.790.404.486.290,185.0,9.98,73.0,0.0
d_os_20_10_1_15_20_9_15_3,d_os,20,15,20,9,15,3,uniform,10,0,uniform,1,0,400,1,1.5,0.5,4.773.851.274.264.040,8.524.628.185.660.110,0.0,13.64,97.8,0.0
d_os_20_10_1_15_20_9_20_3,d_os,20,15,20,9,20,3,uniform,10,0,uniform,1,0,400,1,1.5,0.5,45.510.418.909.713.600,7.680.104.727.428.400,0.0,14.79,104.4,0.6
d_os_20_10_1_15_20_9_25_3,d_os,20,15,20,9,25,3,uniform,10,0,uniform,1,0,400,1,1.5,0.5,46.311.996.443.790.400,8.110.499.110.947.620,0.0,13.87,98.8,0.6
d_os_20_10_1_6_25_9_5_3,d_os,20,6,25,9,5,3,uniform,10,0,uniform,1,0,400,1,1.5,0.5,1.564.976.249.034.260,37.874.406.225.856.600,1.91,5.0,37.0,0.0
d_os_20_10_1_6_25_9_10_3,d_os,20,6,25,9,10,3,uniform,10,0,uniform,1,0,400,1,1.5,0.5,6.158.829.831.421.460,12.900.824.578.553.600,305.0,9.985,72.0,0.0
d_os_20_10_1_6_25_9_15_3,d_os,20,6,25,9,15,3,uniform,10,0,uniform,1,0,400,1,1.5,0.5,4.874.530.824.849.660,8.672.577.062.124.160,0.02,14.055,94.8,0.0
d_os_20_10_1_6_25_9_20_3,d_os,20,6,25,9,20,3,uniform,10,0,uniform,1,0,400,1,1.5,0.5,4.768.442.579.441.280,8.327.356.448.603.220,0.0,14.375,101.7,0.6
d_os_20_10_1_6_25_9_25_3,d_os,20,6,25,9,25,3,uniform,10,0,uniform,1,0,400,1,1.5,0.5,47.500.257.033.402.200,8.257.564.258.350.560,0.0,14.47,100.7,0.5
d_os_20_10_1_9_25_9_5_3,d_os,20,9,25,9,5,3,uniform,10,0,uniform,1,0,400,1,1.5,0.5,14.360.437.858.798.200,34.651.094.646.995.500,1.8,5.0,36.0,0.0
d_os_20_10_1_9_25_9_10_3,d_os,20,9,25,9,10,3,uniform,10,0,uniform,1,0,400,1,1.5,0.5,582.107.180.354.983,12.057.679.508.874.500,215.0,9.98,72.0,0.0
d_os_20_10_1_9_25_9_15_3,d_os,20,9,25,9,15,3,uniform,10,0,uniform,1,0,400,1,1.5,0.5,4.745.936.840.734.660,8.338.592.101.836.670,0.0,14.105,96.9,0.3
d_os_20_10_1_9_25_9_20_3,d_os,20,9,25,9,20,3,uniform,10,0,uniform,1,0,400,1,1.5,0.5,483.298.177.559.103,8.532.454.438.977.570,0.0,14.2,100.5,0.6
d_os_20_10_1_9_25_9_25_3,d_os,20,9,25,9,25,3,uniform,10,0,uniform,1,0,400,1,1.5,0.5,475.200.665.180.455,8.505.016.629.511.370,0.0,13.5,96.9,0.6
d_os_20_10_1_12_25_9_5_3,d_os,20,12,25,9,5,3,uniform,10,0,uniform,1,0,400,1,1.5,0.5,1.459.431.456.604.680,352.357.864.151.171,1.795,5.0,33.0,0.0
d_os_20_10_1_12_25_9_10_3,d_os,20,12,25,9,10,3,uniform,10,0,uniform,1,0,400,1,1.5,0.5,6.332.276.279.991.970,13.334.440.699.979.900,255.0,9.985,67.7,0.0
d_os_20_10_1_12_25_9_15_3,d_os,20,12,25,9,15,3,uniform,10,0,uniform,1,0,400,1,1.5,0.5,47.606.813.223.094.000,8.534.203.305.773.510,0.0,13.47,99.4,0.3
d_os_20_10_1_12_25_9_20_3,d_os,20,12,25,9,20,3,uniform,10,0,uniform,1,0,400,1,1.5,0.5,475.355.970.939.881,8.052.649.273.497.020,0.0,15.325,107.1,0.4
d_os_20_10_1_12_25_9_25_3,d_os,20,12,25,9,25,3,uniform,10,0,uniform,1,0,400,1,1.5,0.5,4.762.343.748.596.130,8.385.859.371.490.330,0.0,14.08,100.5,0.6
d_os_20_10_1_15_25_9_5_3,d_os,20,15,25,9,5,3,uniform,10,0,uniform,1,0,400,1,1.5,0.5,13.710.586.813.859.800,3.302.646.703.464.960,1.515,5.0,36.0,0.0
d_os_20_10_1_15_25_9_10_3,d_os,20,15,25,9,10,3,uniform,10,0,uniform,1,0,400,1,1.5,0.5,56.081.387.469.222.100,11.524.096.867.305.500,115.0,9.985,72.0,0.0
d_os_20_10_1_15_25_9_15_3,d_os,20,15,25,9,15,3,uniform,10,0,uniform,1,0,400,1,1.5,0.5,47.804.268.575.373.300,8.478.567.143.843.330,0.0,13.89,97.2,0.1
d_os_20_10_1_15_25_9_20_3,d_os,20,15,25,9,20,3,uniform,10,0,uniform,1,0,400,1,1.5,0.5,4.988.378.916.316.780,875.094.729.079.197,0.0,14.88,104.8,0.5
d_os_20_10_1_15_25_9_25_3,d_os,20,15,25,9,25,3,uniform,10,0,uniform,1,0,400,1,1.5,0.5,4.504.650.365.073.500,7.687.875.912.683.760,0.0,14.295,102.7,0.5
d_os_20_15_1_6_10_9_5_3,d_os,20,6,10,9,5,3,uniform,15,0,uniform,1,0,400,1,1.5,0.5,28.841.209.100.927.500,7.085.302.275.231.870,5.45,5.0,34.0,0.0
d_os_20_15_1_6_10_9_10_3,d_os,20,6,10,9,10,3,uniform,15,0,uniform,1,0,400,1,1.5,0.5,19.618.991.169.472.700,46.551.227.923.681.800,3.69,9.985,70.7,0.0
d_os_20_15_1_6_10_9_15_3,d_os,20,6,10,9,15,3,uniform,15,0,uniform,1,0,400,1,1.5,0.5,13.714.749.459.504.400,3.061.187.364.876.110,2.24,14.7,100.7,0.0
d_os_20_15_1_6_10_9_20_3,d_os,20,6,10,9,20,3,uniform,15,0,uniform,1,0,400,1,1.5,0.5,982.755.172.066.918,20.000.129.301.672.900,1.155,18.275,127.2,0.0
d_os_20_15_1_6_10_9_25_3,d_os,20,6,10,9,25,3,uniform,15,0,uniform,1,0,400,1,1.5,0.5,9.070.602.556.578.240,17.945.256.391.445.600,1.035,18.925,134.4,0.2
d_os_20_15_1_9_10_9_5_3,d_os,20,9,10,9,5,3,uniform,15,0,uniform,1,0,400,1,1.5,0.5,27.598.976.269.639.600,6.774.744.067.409.920,5.2,5.0,36.0,0.0
d_os_20_15_1_9_10_9_10_3,d_os,20,9,10,9,10,3,uniform,15,0,uniform,1,0,400,1,1.5,0.5,1.895.485.215.023.150,44.890.880.375.578.900,3.47,9.985,73.0,0.0
d_os_20_15_1_9_10_9_15_3,d_os,20,9,10,9,15,3,uniform,15,0,uniform,1,0,400,1,1.5,0.5,11.930.044.202.284.200,26.157.610.505.710.700,1.895,14.67,106.6,0.0
d_os_20_15_1_9_10_9_20_3,d_os,20,9,10,9,20,3,uniform,15,0,uniform,1,0,400,1,1.5,0.5,9.499.506.578.028.920,19.237.516.445.072.300,1.065,18.045,128.8,0.1
d_os_20_15_1_9_10_9_25_3,d_os,20,9,10,9,25,3,uniform,15,0,uniform,1,0,400,1,1.5,0.5,9.225.134.040.016.210,18.410.335.100.040.500,0.98,18.61,133.4,0.1
d_os_20_15_1_12_10_9_5_3,d_os,20,12,10,9,5,3,uniform,15,0,uniform,1,0,400,1,1.5,0.5,26.592.283.418.714.000,6.523.070.854.678.510,5.065,5.0,36.0,0.0
d_os_20_15_1_12_10_9_10_3,d_os,20,12,10,9,10,3,uniform,15,0,uniform,1,0,400,1,1.5,0.5,17.943.192.167.677.700,4.236.173.041.919.440,3.46,9.985,69.0,0.0
d_os_20_15_1_12_10_9_15_3,d_os,20,12,10,9,15,3,uniform,15,0,uniform,1,0,400,1,1.5,0.5,1.227.067.324.577.650,27.000.433.114.441.400,1.865,14.705,105.8,0.0
d_os_20_15_1_12_10_9_20_3,d_os,20,12,10,9,20,3,uniform,15,0,uniform,1,0,400,1,1.5,0.5,9.197.799.139.062.130,18.516.997.847.655.300,1.02,17.91,130.5,0.1
d_os_20_15_1_12_10_9_25_3,d_os,20,12,10,9,25,3,uniform,15,0,uniform,1,0,400,1,1.5,0.5,9.208.109.941.360.720,18.415.274.853.401.800,1.035,18.42,132.6,0.1
d_os_20_15_1_15_10_9_5_3,d_os,20,15,10,9,5,3,uniform,15,0,uniform,1,0,400,1,1.5,0.5,2.633.277.975.412.790,645.819.493.853.199,4.85,5.0,37.0,0.0
d_os_20_15_1_15_10_9_10_3,d_os,20,15,10,9,10,3,uniform,15,0,uniform,1,0,400,1,1.5,0.5,1.698.470.415.297.410,399.655.103.824.354,3.205,9.985,71.0,0.0
d_os_20_15_1_15_10_9_15_3,d_os,20,15,10,9,15,3,uniform,15,0,uniform,1,0,400,1,1.5,0.5,11.753.675.391.492.300,25.712.938.478.730.900,1.775,14.685,101.8,0.0
d_os_20_15_1_15_10_9_20_3,d_os,20,15,10,9,20,3,uniform,15,0,uniform,1,0,400,1,1.5,0.5,9.836.354.575.153.630,20.030.886.437.884.000,1.15,18.24,129.8,0.1
d_os_20_15_1_15_10_9_25_3,d_os,20,15,10,9,25,3,uniform,15,0,uniform,1,0,400,1,1.5,0.5,9.136.636.506.757.030,18.202.841.266.892.500,0.99,18.555,130.5,0.1
d_os_20_15_1_6_15_9_5_3,d_os,20,6,15,9,5,3,uniform,15,0,uniform,1,0,400,1,1.5,0.5,2.656.976.052.429.820,6.517.440.131.074.550,5.19,5.0,34.0,0.0
d_os_20_15_1_6_15_9_10_3,d_os,20,6,15,9,10,3,uniform,15,0,uniform,1,0,400,1,1.5,0.5,17.304.416.510.511.000,40.764.791.276.277.700,3.375,9.985,71.7,0.0
d_os_20_15_1_6_15_9_15_3,d_os,20,6,15,9,15,3,uniform,15,0,uniform,1,0,400,1,1.5,0.5,10.235.231.275.501.400,21.921.828.188.753.500,1.81,14.665,104.5,0.0
d_os_20_15_1_6_15_9_20_3,d_os,20,6,15,9,20,3,uniform,15,0,uniform,1,0,400,1,1.5,0.5,6.970.506.272.948.170,12.723.765.682.370.400,0.69,18.81,131.8,0.0
d_os_20_15_1_6_15_9_25_3,d_os,20,6,15,9,25,3,uniform,15,0,uniform,1,0,400,1,1.5,0.5,5.831.720.098.774.410,9.541.800.246.936.020,325.0,20.15,144.2,0.1
d_os_20_15_1_9_15_9_5_3,d_os,20,9,15,9,5,3,uniform,15,0,uniform,1,0,400,1,1.5,0.5,2.631.704.781.590.700,6.454.261.953.976.760,5.085,5.0,33.0,0.0
d_os_20_15_1_9_15_9_10_3,d_os,20,9,15,9,10,3,uniform,15,0,uniform,1,0,400,1,1.5,0.5,16.325.257.610.607.800,38.316.894.026.519.500,3.185,9.985,74.0,0.0
d_os_20_15_1_9_15_9_15_3,d_os,20,9,15,9,15,3,uniform,15,0,uniform,1,0,400,1,1.5,0.5,10.160.303.621.306.100,21.728.259.053.265.300,1.78,14.69,101.2,0.0
d_os_20_15_1_9_15_9_20_3,d_os,20,9,15,9,20,3,uniform,15,0,uniform,1,0,400,1,1.5,0.5,6.586.014.494.228.260,11.786.286.235.570.600,595.0,18.715,133.4,0.0
d_os_20_15_1_9_15_9_25_3,d_os,20,9,15,9,25,3,uniform,15,0,uniform,1,0,400,1,1.5,0.5,6.461.129.765.251.100,11.064.074.413.127.700,0.38,20.355,144.8,0.3
d_os_20_15_1_12_15_9_5_3,d_os,20,12,15,9,5,3,uniform,15,0,uniform,1,0,400,1,1.5,0.5,24.633.279.412.724.100,6.033.319.853.181.030,4.785,5.0,36.0,0.0
d_os_20_15_1_12_15_9_10_3,d_os,20,12,15,9,10,3,uniform,15,0,uniform,1,0,400,1,1.5,0.5,1.533.434.439.742.780,3.583.961.099.356.960,3.14,9.985,70.0,0.0
d_os_20_15_1_12_15_9_15_3,d_os,20,12,15,9,15,3,uniform,15,0,uniform,1,0,400,1,1.5,0.5,9.651.641.472.806.280,20.456.603.682.015.700,1.56,14.69,105.9,0.0
d_os_20_15_1_12_15_9_20_3,d_os,20,12,15,9,20,3,uniform,15,0,uniform,1,0,400,1,1.5,0.5,6.598.311.289.232.750,11.819.528.223.081.800,625.0,18.705,133.1,0.0
d_os_20_15_1_12_15_9_25_3,d_os,20,12,15,9,25,3,uniform,15,0,uniform,1,0,400,1,1.5,0.5,5.811.559.437.277.940,9.552.648.593.194.860,305.0,19.905,143.0,0.1
d_os_20_15_1_15_15_9_5_3,d_os,20,15,15,9,5,3,uniform,15,0,uniform,1,0,400,1,1.5,0.5,23.338.482.013.776.800,570.962.050.344.422,4.54,5.0,39.0,0.0
d_os_20_15_1_15_15_9_10_3,d_os,20,15,15,9,10,3,uniform,15,0,uniform,1,0,400,1,1.5,0.5,1.470.031.917.236.350,3.425.454.793.090.880,2.94,9.985,72.0,0.0
d_os_20_15_1_15_15_9_15_3,d_os,20,15,15,9,15,3,uniform,15,0,uniform,1,0,400,1,1.5,0.5,8.772.622.847.644.620,18.262.807.119.111.500,1.38,14.675,105.4,0.0
d_os_20_15_1_15_15_9_20_3,d_os,20,15,15,9,20,3,uniform,15,0,uniform,1,0,400,1,1.5,0.5,6.582.006.850.506.310,11.805.017.126.265.700,0.59,18.6,135.2,0.0
d_os_20_15_1_15_15_9_25_3,d_os,20,15,15,9,25,3,uniform,15,0,uniform,1,0,400,1,1.5,0.5,58.109.907.436.375.900,9.457.476.859.093.980,325.0,20.28,145.0,0.1
d_os_20_15_1_6_20_9_5_3,d_os,20,6,20,9,5,3,uniform,15,0,uniform,1,0,400,1,1.5,0.5,24.720.711.743.595.300,6.055.177.935.898.840,4.75,5.0,38.0,0.0
d_os_20_15_1_6_20_9_10_3,d_os,20,6,20,9,10,3,uniform,15,0,uniform,1,0,400,1,1.5,0.5,14.644.355.574.726.400,34.114.638.936.816.100,2.93,9.985,76.7,0.0
d_os_20_15_1_6_20_9_15_3,d_os,20,6,20,9,15,3,uniform,15,0,uniform,1,0,400,1,1.5,0.5,8.821.528.301.293.690,18.412.570.753.234.200,1.595,14.565,105.2,0.0
d_os_20_15_1_6_20_9_20_3,d_os,20,6,20,9,20,3,uniform,15,0,uniform,1,0,400,1,1.5,0.5,5.280.545.339.325.680,8.518.863.348.314.200,335.0,18.73,138.1,0.0
d_os_20_15_1_6_20_9_25_3,d_os,20,6,20,9,25,3,uniform,15,0,uniform,1,0,400,1,1.5,0.5,4.987.850.929.082.540,7.220.877.322.706.370,0.12,20.995,144.6,0.1
d_os_20_15_1_9_20_9_5_3,d_os,20,9,20,9,5,3,uniform,15,0,uniform,1,0,400,1,1.5,0.5,24.983.524.685.688.400,6.120.881.171.422.100,4.715,5.0,36.0,0.0
d_os_20_15_1_9_20_9_10_3,d_os,20,9,20,9,10,3,uniform,15,0,uniform,1,0,400,1,1.5,0.5,14.904.827.941.971.100,34.765.819.854.927.800,3.03,9.985,71.0,0.0
d_os_20_15_1_9_20_9_15_3,d_os,20,9,20,9,15,3,uniform,15,0,uniform,1,0,400,1,1.5,0.5,8.318.040.044.035.840,1.713.010.011.008.960,1.47,14.66,102.9,0.0
d_os_20_15_1_9_20_9_20_3,d_os,20,9,20,9,20,3,uniform,15,0,uniform,1,0,400,1,1.5,0.5,5.499.611.408.468.800,9.042.778.521.172.010,405.0,18.825,132.1,0.0
d_os_20_15_1_9_20_9_25_3,d_os,20,9,20,9,25,3,uniform,15,0,uniform,1,0,400,1,1.5,0.5,5.020.428.513.191.700,7.439.821.282.979.260,0.1,20.445,146.5,0.1
d_os_20_15_1_12_20_9_5_3,d_os,20,12,20,9,5,3,uniform,15,0,uniform,1,0,400,1,1.5,0.5,22.413.339.081.569.500,5.478.334.770.392.370,4.485,5.0,38.0,0.0
d_os_20_15_1_12_20_9_10_3,d_os,20,12,20,9,10,3,uniform,15,0,uniform,1,0,400,1,1.5,0.5,13.716.722.707.739.800,31.795.556.769.349.500,2.85,9.985,72.0,0.0
d_os_20_15_1_12_20_9_15_3,d_os,20,12,20,9,15,3,uniform,15,0,uniform,1,0,400,1,1.5,0.5,7.758.606.464.513.140,15.736.516.161.282.800,1.305,14.64,104.3,0.0
d_os_20_15_1_12_20_9_20_3,d_os,20,12,20,9,20,3,uniform,15,0,uniform,1,0,400,1,1.5,0.5,5.653.075.534.184.070,9.370.188.835.460.180,0.4,19.05,132.2,0.0
d_os_20_15_1_12_20_9_25_3,d_os,20,12,20,9,25,3,uniform,15,0,uniform,1,0,400,1,1.5,0.5,4.906.237.645.639.890,7.216.844.114.099.730,0.09,20.195,144.4,0.1
d_os_20_15_1_15_20_9_5_3,d_os,20,15,20,9,5,3,uniform,15,0,uniform,1,0,400,1,1.5,0.5,2.285.358.878.791.970,5.588.397.196.979.920,4.415,5.0,36.0,0.0
d_os_20_15_1_15_20_9_10_3,d_os,20,15,20,9,10,3,uniform,15,0,uniform,1,0,400,1,1.5,0.5,1.297.052.036.097.210,29.930.050.902.430.200,2.7,9.985,70.7,0.0
d_os_20_15_1_15_20_9_15_3,d_os,20,15,20,9,15,3,uniform,15,0,uniform,1,0,400,1,1.5,0.5,773.319.298.062.952,156.717.324.515.738,1.195,14.645,103.3,0.0
d_os_20_15_1_15_20_9_20_3,d_os,20,15,20,9,20,3,uniform,15,0,uniform,1,0,400,1,1.5,0.5,5.718.345.176.381.330,9.538.362.940.953.330,0.43,19.03,130.9,0.0
d_os_20_15_1_15_20_9_25_3,d_os,20,15,20,9,25,3,uniform,15,0,uniform,1,0,400,1,1.5,0.5,50.148.397.565.705.500,7.274.599.391.426.390,0.11,21.05,147.7,0.2
d_os_20_15_1_6_25_9_5_3,d_os,20,6,25,9,5,3,uniform,15,0,uniform,1,0,400,1,1.5,0.5,2.409.820.354.596.290,5.899.550.886.490.730,4.65,5.0,35.0,0.0
d_os_20_15_1_6_25_9_10_3,d_os,20,6,25,9,10,3,uniform,15,0,uniform,1,0,400,1,1.5,0.5,14.564.968.017.984.800,33.916.170.044.962.200,3.055,9.985,67.0,0.0
d_os_20_15_1_6_25_9_15_3,d_os,20,6,25,9,15,3,uniform,15,0,uniform,1,0,400,1,1.5,0.5,7.502.631.567.232.500,15.089.078.918.081.200,1.29,14.67,105.5,0.0
d_os_20_15_1_6_25_9_20_3,d_os,20,6,25,9,20,3,uniform,15,0,uniform,1,0,400,1,1.5,0.5,5.520.082.988.680.550,9.097.707.471.701.390,0.32,18.81,130.8,0.0
d_os_20_15_1_6_25_9_25_3,d_os,20,6,25,9,25,3,uniform,15,0,uniform,1,0,400,1,1.5,0.5,46.471.223.880.179.300,6.481.555.970.044.840,0.0,20.545,149.7,0.1
d_os_20_15_1_9_25_9_5_3,d_os,20,9,25,9,5,3,uniform,15,0,uniform,1,0,400,1,1.5,0.5,22.806.080.233.451.400,5.576.520.058.362.870,4.52,5.0,35.0,0.0
d_os_20_15_1_9_25_9_10_3,d_os,20,9,25,9,10,3,uniform,15,0,uniform,1,0,400,1,1.5,0.5,14.473.259.589.556.200,336.868.989.738.907,2.935,9.985,68.0,0.0
d_os_20_15_1_9_25_9_15_3,d_os,20,9,25,9,15,3,uniform,15,0,uniform,1,0,400,1,1.5,0.5,7.597.447.501.408.680,15.327.368.753.521.700,1.31,14.665,101.6,0.0
d_os_20_15_1_9_25_9_20_3,d_os,20,9,25,9,20,3,uniform,15,0,uniform,1,0,400,1,1.5,0.5,52.636.303.031.363.800,8.401.575.757.840.960,0.29,19.03,130.2,0.0
d_os_20_15_1_9_25_9_25_3,d_os,20,9,25,9,25,3,uniform,15,0,uniform,1,0,400,1,1.5,0.5,4.950.915.794.570.510,7.203.539.486.426.280,0.04,20.695,146.5,0.1
d_os_20_15_1_12_25_9_5_3,d_os,20,12,25,9,5,3,uniform,15,0,uniform,1,0,400,1,1.5,0.5,22.107.543.419.424.900,5.401.885.854.856.240,4.39,5.0,34.0,0.0
d_os_20_15_1_12_25_9_10_3,d_os,20,12,25,9,10,3,uniform,15,0,uniform,1,0,400,1,1.5,0.5,12.788.344.120.205.100,2.947.461.030.051.280,2.67,9.985,69.0,0.0
d_os_20_15_1_12_25_9_15_3,d_os,20,12,25,9,15,3,uniform,15,0,uniform,1,0,400,1,1.5,0.5,6.824.957.003.628.790,13.397.392.509.071.900,1.065,14.66,104.7,0.0
d_os_20_15_1_12_25_9_20_3,d_os,20,12,25,9,20,3,uniform,15,0,uniform,1,0,400,1,1.5,0.5,5.199.692.095.152.080,8.230.480.237.880.220,0.25,19.075,135.1,0.0
d_os_20_15_1_12_25_9_25_3,d_os,20,12,25,9,25,3,uniform,15,0,uniform,1,0,400,1,1.5,0.5,475.487.363.882.952,67.234.340.970.738,0.02,20.655,147.5,0.1
d_os_20_15_1_15_25_9_5_3,d_os,20,15,25,9,5,3,uniform,15,0,uniform,1,0,400,1,1.5,0.5,20.398.511.918.910.300,4.974.627.979.727.570,4.055,5.0,38.0,0.0
d_os_20_15_1_15_25_9_10_3,d_os,20,15,25,9,10,3,uniform,15,0,uniform,1,0,400,1,1.5,0.5,12.245.001.254.016.100,2.811.625.313.504.030,2.525,9.985,70.0,0.0
d_os_20_15_1_15_25_9_15_3,d_os,20,15,25,9,15,3,uniform,15,0,uniform,1,0,400,1,1.5,0.5,6.508.183.869.196.520,12.604.209.672.991.300,885.0,14.665,107.5,0.0
d_os_20_15_1_15_25_9_20_3,d_os,20,15,25,9,20,3,uniform,15,0,uniform,1,0,400,1,1.5,0.5,5.321.943.321.203.750,8.564.858.303.009.380,295.0,18.96,132.1,0.0
d_os_20_15_1_15_25_9_25_3,d_os,20,15,25,9,25,3,uniform,15,0,uniform,1,0,400,1,1.5,0.5,4.630.529.410.382.090,6.298.823.525.955.230,0.01,21.11,148.8,0.1
d_os_20_20_1_6_10_9_5_3,d_os,20,6,10,9,5,3,uniform,20,0,uniform,1,0,400,1,1.5,0.5,30.763.017.769.139.500,7.565.754.442.284.870,7.41,5.0,35.0,0.0
d_os_20_20_1_6_10_9_10_3,d_os,20,6,10,9,10,3,uniform,20,0,uniform,1,0,400,1,1.5,0.5,2.410.587.301.075.380,5.776.843.252.688.470,5.77,9.985,68.0,0.0
d_os_20_20_1_6_10_9_15_3,d_os,20,6,10,9,15,3,uniform,20,0,uniform,1,0,400,1,1.5,0.5,18.601.672.739.325.800,4.285.293.184.831.470,4.1,14.605,101.7,0.0
d_os_20_20_1_6_10_9_20_3,d_os,20,6,10,9,20,3,uniform,20,0,uniform,1,0,400,1,1.5,0.5,15.279.989.821.791.000,3.363.497.455.447.750,3.03,18.26,126.6,0.0
d_os_20_20_1_6_10_9_25_3,d_os,20,6,10,9,25,3,uniform,20,0,uniform,1,0,400,1,1.5,0.5,14.419.842.714.141.100,31.304.606.785.352.900,2.79,18.98,135.0,0.0
d_os_20_20_1_9_10_9_5_3,d_os,20,9,10,9,5,3,uniform,20,0,uniform,1,0,400,1,1.5,0.5,30.345.743.460.787.100,7.461.435.865.196.790,7.24,5.0,35.0,0.0
d_os_20_20_1_9_10_9_10_3,d_os,20,9,10,9,10,3,uniform,20,0,uniform,1,0,400,1,1.5,0.5,22.954.900.786.275.500,548.910.019.656.889,5.44,9.985,72.0,0.0
d_os_20_20_1_9_10_9_15_3,d_os,20,9,10,9,15,3,uniform,20,0,uniform,1,0,400,1,1.5,0.5,17.795.794.062.919.800,40.830.735.157.299.700,3.84,14.635,104.6,0.0
d_os_20_20_1_9_10_9_20_3,d_os,20,9,10,9,20,3,uniform,20,0,uniform,1,0,400,1,1.5,0.5,15.027.239.415.044.600,32.950.598.537.611.500,2.93,18.47,127.8,0.0
d_os_20_20_1_9_10_9_25_3,d_os,20,9,10,9,25,3,uniform,20,0,uniform,1,0,400,1,1.5,0.5,14.395.644.867.809.000,3.123.286.216.952.250,2.775,19.025,134.9,0.0
d_os_20_20_1_12_10_9_5_3,d_os,20,12,10,9,5,3,uniform,20,0,uniform,1,0,400,1,1.5,0.5,2.927.055.749.585.700,7.192.639.373.964.250,7.04,5.0,36.0,0.0
d_os_20_20_1_12_10_9_10_3,d_os,20,12,10,9,10,3,uniform,20,0,uniform,1,0,400,1,1.5,0.5,21.774.995.912.953.000,5.194.123.978.238.260,5.16,9.985,74.0,0.0
d_os_20_20_1_12_10_9_15_3,d_os,20,12,10,9,15,3,uniform,20,0,uniform,1,0,400,1,1.5,0.5,17.257.387.172.210.700,39.478.467.930.526.700,3.755,14.66,102.6,0.0
d_os_20_20_1_12_10_9_20_3,d_os,20,12,10,9,20,3,uniform,20,0,uniform,1,0,400,1,1.5,0.5,14.695.903.171.106.500,32.221.007.927.766.400,2.865,18.075,127.5,0.0
d_os_20_20_1_12_10_9_25_3,d_os,20,12,10,9,25,3,uniform,20,0,uniform,1,0,400,1,1.5,0.5,14.397.107.909.140.900,3.121.151.977.285.230,2.775,19.125,135.1,0.0
d_os_20_20_1_15_10_9_5_3,d_os,20,15,10,9,5,3,uniform,20,0,uniform,1,0,400,1,1.5,0.5,2.875.738.368.596.000,7.064.345.921.490.000,6.85,5.0,37.0,0.0
d_os_20_20_1_15_10_9_10_3,d_os,20,15,10,9,10,3,uniform,20,0,uniform,1,0,400,1,1.5,0.5,21.793.845.493.291.700,5.198.836.373.322.940,5.075,9.985,72.7,0.0
d_os_20_20_1_15_10_9_15_3,d_os,20,15,10,9,15,3,uniform,20,0,uniform,1,0,400,1,1.5,0.5,17.441.302.633.088.100,3.992.950.658.272.030,3.61,14.695,103.6,0.0
d_os_20_20_1_15_10_9_20_3,d_os,20,15,10,9,20,3,uniform,20,0,uniform,1,0,400,1,1.5,0.5,14.723.516.750.785.600,32.278.791.876.964.100,2.83,18.12,130.2,0.0
d_os_20_20_1_15_10_9_25_3,d_os,20,15,10,9,25,3,uniform,20,0,uniform,1,0,400,1,1.5,0.5,14.387.762.174.326.100,31.220.655.435.815.300,2.78,18.995,135.5,0.0
d_os_20_20_1_6_15_9_5_3,d_os,20,6,15,9,5,3,uniform,20,0,uniform,1,0,400,1,1.5,0.5,2.936.455.278.816.630,721.613.819.704.159,7.15,5.0,35.0,0.0
d_os_20_20_1_6_15_9_10_3,d_os,20,6,15,9,10,3,uniform,20,0,uniform,1,0,400,1,1.5,0.5,21.757.448.971.274.400,518.973.724.281.862,5.34,9.985,71.0,0.0
d_os_20_20_1_6_15_9_15_3,d_os,20,6,15,9,15,3,uniform,20,0,uniform,1,0,400,1,1.5,0.5,16.629.032.994.485.200,37.900.082.486.213.100,3.77,14.69,104.1,0.0
d_os_20_20_1_6_15_9_20_3,d_os,20,6,15,9,20,3,uniform,20,0,uniform,1,0,400,1,1.5,0.5,12.881.793.113.947.600,2.745.823.278.486.920,2.485,18.985,133.4,0.0
d_os_20_20_1_6_15_9_25_3,d_os,20,6,15,9,25,3,uniform,20,0,uniform,1,0,400,1,1.5,0.5,10.787.425.326.052.400,21.748.563.315.131.100,1.85,20.88,150.2,0.0
d_os_20_20_1_9_15_9_5_3,d_os,20,9,15,9,5,3,uniform,20,0,uniform,1,0,400,1,1.5,0.5,28.700.568.594.096.200,7.050.142.148.524.070,6.89,5.0,37.0,0.0
d_os_20_20_1_9_15_9_10_3,d_os,20,9,15,9,10,3,uniform,20,0,uniform,1,0,400,1,1.5,0.5,21.817.212.727.479.100,5.204.678.181.869.790,5.35,9.985,68.0,0.0
d_os_20_20_1_9_15_9_15_3,d_os,20,9,15,9,15,3,uniform,20,0,uniform,1,0,400,1,1.5,0.5,1.605.890.503.562.850,3.647.351.258.907.120,3.735,14.695,101.7,0.0
d_os_20_20_1_9_15_9_20_3,d_os,20,9,15,9,20,3,uniform,20,0,uniform,1,0,400,1,1.5,0.5,11.933.952.365.252.100,2.512.488.091.313.030,2.215,18.84,136.7,0.0
d_os_20_20_1_9_15_9_25_3,d_os,20,9,15,9,25,3,uniform,20,0,uniform,1,0,400,1,1.5,0.5,10.839.173.105.492.600,2.188.418.276.373.160,1.865,20.855,149.8,0.0
d_os_20_20_1_12_15_9_5_3,d_os,20,12,15,9,5,3,uniform,20,0,uniform,1,0,400,1,1.5,0.5,27.411.499.240.898.300,6.727.874.810.224.580,6.74,5.0,37.0,0.0
d_os_20_20_1_12_15_9_10_3,d_os,20,12,15,9,10,3,uniform,20,0,uniform,1,0,400,1,1.5,0.5,19.838.728.816.733.200,47.100.572.041.833.100,4.745,9.985,77.7,0.0
d_os_20_20_1_12_15_9_15_3,d_os,20,12,15,9,15,3,uniform,20,0,uniform,1,0,400,1,1.5,0.5,1.498.255.893.847.810,33.782.647.346.195.400,3.305,14.695,108.4,0.0
d_os_20_20_1_12_15_9_20_3,d_os,20,12,15,9,20,3,uniform,20,0,uniform,1,0,400,1,1.5,0.5,11.944.530.581.715.800,25.123.826.454.289.700,2.22,18.95,137.2,0.0
d_os_20_20_1_12_15_9_25_3,d_os,20,12,15,9,25,3,uniform,20,0,uniform,1,0,400,1,1.5,0.5,10.813.804.612.905.700,2.179.701.153.226.440,1.86,20.95,149.4,0.0
d_os_20_20_1_15_15_9_5_3,d_os,20,15,15,9,5,3,uniform,20,0,uniform,1,0,400,1,1.5,0.5,28.518.010.418.904.500,7.004.502.604.726.130,6.79,5.0,33.0,0.0
d_os_20_20_1_15_15_9_10_3,d_os,20,15,15,9,10,3,uniform,20,0,uniform,1,0,400,1,1.5,0.5,2.051.931.245.254.470,4.880.203.113.136.170,5.04,9.985,69.0,0.0
d_os_20_20_1_15_15_9_15_3,d_os,20,15,15,9,15,3,uniform,20,0,uniform,1,0,400,1,1.5,0.5,15.338.374.904.974.200,3.467.218.726.243.560,3.455,14.695,100.5,0.0
d_os_20_20_1_15_15_9_20_3,d_os,20,15,15,9,20,3,uniform,20,0,uniform,1,0,400,1,1.5,0.5,11.934.815.057.451.800,25.103.287.643.629.600,2.205,18.935,134.6,0.0
d_os_20_20_1_15_15_9_25_3,d_os,20,15,15,9,25,3,uniform,20,0,uniform,1,0,400,1,1.5,0.5,10.940.847.221.192.400,22.044.618.052.981.100,1.875,21.23,149.5,0.0
d_os_20_20_1_6_20_9_5_3,d_os,20,6,20,9,5,3,uniform,20,0,uniform,1,0,400,1,1.5,0.5,2.886.708.025.507.880,7.091.770.063.769.710,6.95,5.0,34.0,0.0
d_os_20_20_1_6_20_9_10_3,d_os,20,6,20,9,10,3,uniform,20,0,uniform,1,0,400,1,1.5,0.5,21.610.658.286.025.900,5.153.039.571.506.490,5.33,9.985,67.0,0.0
d_os_20_20_1_6_20_9_15_3,d_os,20,6,20,9,15,3,uniform,20,0,uniform,1,0,400,1,1.5,0.5,14.538.486.594.352.200,3.267.246.648.588.070,3.43,14.695,106.3,0.0
d_os_20_20_1_6_20_9_20_3,d_os,20,6,20,9,20,3,uniform,20,0,uniform,1,0,400,1,1.5,0.5,10.111.249.858.292.800,20.498.124.645.732.100,2.005,19.12,136.8,0.0
d_os_20_20_1_6_20_9_25_3,d_os,20,6,20,9,25,3,uniform,20,0,uniform,1,0,400,1,1.5,0.5,862.637.126.521.092,160.971.781.630.273,1.405,21.875,155.1,0.0
d_os_20_20_1_9_20_9_5_3,d_os,20,9,20,9,5,3,uniform,20,0,uniform,1,0,400,1,1.5,0.5,2.788.426.883.571.680,6.846.067.208.929.220,6.74,5.0,35.0,0.0
d_os_20_20_1_9_20_9_10_3,d_os,20,9,20,9,10,3,uniform,20,0,uniform,1,0,400,1,1.5,0.5,19.575.204.164.752.400,46.441.760.411.881.000,4.855,9.985,72.7,0.0
d_os_20_20_1_9_20_9_15_3,d_os,20,9,20,9,15,3,uniform,20,0,uniform,1,0,400,1,1.5,0.5,14.457.674.429.161.300,324.691.860.729.033,3.25,14.7,107.3,0.0
d_os_20_20_1_9_20_9_20_3,d_os,20,9,20,9,20,3,uniform,20,0,uniform,1,0,400,1,1.5,0.5,10.736.775.753.630.800,22.053.189.384.077.100,2.145,19.155,131.9,0.0
d_os_20_20_1_9_20_9_25_3,d_os,20,9,20,9,25,3,uniform,20,0,uniform,1,0,400,1,1.5,0.5,8.611.450.919.987.200,1.600.362.729.996.800,1.38,22.1,155.7,0.0
d_os_20_20_1_12_20_9_5_3,d_os,20,12,20,9,5,3,uniform,20,0,uniform,1,0,400,1,1.5,0.5,2.684.654.489.748.040,6.586.636.224.370.100,6.49,5.0,37.0,0.0
d_os_20_20_1_12_20_9_10_3,d_os,20,12,20,9,10,3,uniform,20,0,uniform,1,0,400,1,1.5,0.5,19.294.050.282.507.900,45.738.875.706.269.900,4.78,9.985,72.0,0.0
d_os_20_20_1_12_20_9_15_3,d_os,20,12,20,9,15,3,uniform,20,0,uniform,1,0,400,1,1.5,0.5,142.186.418.106.464,31.871.604.526.616.000,3.205,14.7,104.3,0.0
d_os_20_20_1_12_20_9_20_3,d_os,20,12,20,9,20,3,uniform,20,0,uniform,1,0,400,1,1.5,0.5,9.730.790.638.195.020,19.538.226.595.487.500,1.88,19.155,134.5,0.0
d_os_20_20_1_12_20_9_25_3,d_os,20,12,20,9,25,3,uniform,20,0,uniform,1,0,400,1,1.5,0.5,8.814.770.013.014.990,16.516.925.032.537.400,1.44,22.08,154.8,0.0
d_os_20_20_1_15_20_9_5_3,d_os,20,15,20,9,5,3,uniform,20,0,uniform,1,0,400,1,1.5,0.5,2.630.850.407.954.160,6.452.126.019.885.400,6.25,5.0,39.0,0.0
d_os_20_20_1_15_20_9_10_3,d_os,20,15,20,9,10,3,uniform,20,0,uniform,1,0,400,1,1.5,0.5,1.945.400.599.025.960,4.613.876.497.564.920,4.825,9.985,67.7,0.0
d_os_20_20_1_15_20_9_15_3,d_os,20,15,20,9,15,3,uniform,20,0,uniform,1,0,400,1,1.5,0.5,12.533.215.962.418.500,27.666.789.906.046.300,2.915,14.665,106.7,0.0
d_os_20_20_1_15_20_9_20_3,d_os,20,15,20,9,20,3,uniform,20,0,uniform,1,0,400,1,1.5,0.5,9.345.853.439.652.910,18.590.883.599.132.200,1.735,19.095,139.8,0.0
d_os_20_20_1_15_20_9_25_3,d_os,20,15,20,9,25,3,uniform,20,0,uniform,1,0,400,1,1.5,0.5,8.973.218.208.254.410,1.689.304.552.063.600,1.495,22.16,154.4,0.0
d_os_20_20_1_6_25_9_5_3,d_os,20,6,25,9,5,3,uniform,20,0,uniform,1,0,400,1,1.5,0.5,2.680.726.070.382.010,6.576.815.175.955.040,6.55,5.0,37.0,0.0
d_os_20_20_1_6_25_9_10_3,d_os,20,6,25,9,10,3,uniform,20,0,uniform,1,0,400,1,1.5,0.5,18.886.846.561.596.900,4.472.086.640.399.240,4.765,9.985,73.3,0.0
d_os_20_20_1_6_25_9_15_3,d_os,20,6,25,9,15,3,uniform,20,0,uniform,1,0,400,1,1.5,0.5,12.909.192.265.196.200,2.860.173.066.299.050,3.17,14.685,105.2,0.0
d_os_20_20_1_6_25_9_20_3,d_os,20,6,25,9,20,3,uniform,20,0,uniform,1,0,400,1,1.5,0.5,9.176.168.527.633.980,18.172.921.319.084.900,1.85,19.07,134.8,0.0
d_os_20_20_1_6_25_9_25_3,d_os,20,6,25,9,25,3,uniform,20,0,uniform,1,0,400,1,1.5,0.5,7.309.866.938.681.280,12.747.167.346.703.200,1.125,22.11,156.7,0.0
d_os_20_20_1_9_25_9_5_3,d_os,20,9,25,9,5,3,uniform,20,0,uniform,1,0,400,1,1.5,0.5,26.247.355.855.207.200,6.436.838.963.801.820,6.4,5.0,37.0,0.0
d_os_20_20_1_9_25_9_10_3,d_os,20,9,25,9,10,3,uniform,20,0,uniform,1,0,400,1,1.5,0.5,1.793.247.364.641.350,42.334.934.116.033.900,4.6,9.985,73.0,0.0
d_os_20_20_1_9_25_9_15_3,d_os,20,9,25,9,15,3,uniform,20,0,uniform,1,0,400,1,1.5,0.5,1.277.748.476.018.400,28.274.961.900.460.100,3.13,14.675,102.8,0.0
d_os_20_20_1_9_25_9_20_3,d_os,20,9,25,9,20,3,uniform,20,0,uniform,1,0,400,1,1.5,0.5,9.153.222.641.584.160,18.086.806.603.960.400,1.805,19.185,133.7,0.0
d_os_20_20_1_9_25_9_25_3,d_os,20,9,25,9,25,3,uniform,20,0,uniform,1,0,400,1,1.5,0.5,7.372.597.712.701.410,1.287.399.428.175.350,1.145,22.23,157.6,0.0
d_os_20_20_1_12_25_9_5_3,d_os,20,12,25,9,5,3,uniform,20,0,uniform,1,0,400,1,1.5,0.5,25.422.202.897.345.500,6.230.550.724.336.380,6.2,5.0,38.0,0.0
d_os_20_20_1_12_25_9_10_3,d_os,20,12,25,9,10,3,uniform,20,0,uniform,1,0,400,1,1.5,0.5,1.798.541.907.125.340,4.246.729.767.813.360,4.715,9.985,67.7,0.0
d_os_20_20_1_12_25_9_15_3,d_os,20,12,25,9,15,3,uniform,20,0,uniform,1,0,400,1,1.5,0.5,12.024.844.337.129.900,26.388.360.842.824.900,2.955,14.695,103.9,0.0
d_os_20_20_1_12_25_9_20_3,d_os,20,12,25,9,20,3,uniform,20,0,uniform,1,0,400,1,1.5,0.5,8.589.505.146.407.540,16.683.762.866.018.800,1.59,19.16,137.2,0.0
d_os_20_20_1_12_25_9_25_3,d_os,20,12,25,9,25,3,uniform,20,0,uniform,1,0,400,1,1.5,0.5,7.467.128.633.131.880,13.092.821.582.829.700,1.18,22.3,156.4,0.0
d_os_20_20_1_15_25_9_5_3,d_os,20,15,25,9,5,3,uniform,20,0,uniform,1,0,400,1,1.5,0.5,25.224.184.504.193.800,6.181.046.126.048.450,6.11,5.0,37.0,0.0
d_os_20_20_1_15_25_9_10_3,d_os,20,15,25,9,10,3,uniform,20,0,uniform,1,0,400,1,1.5,0.5,1.715.232.599.370.790,4.038.456.498.426.980,4.4,9.985,71.4,0.0
d_os_20_20_1_15_25_9_15_3,d_os,20,15,25,9,15,3,uniform,20,0,uniform,1,0,400,1,1.5,0.5,11.903.580.607.434.300,2.608.770.151.858.580,2.735,14.685,106.3,0.0
d_os_20_20_1_15_25_9_20_3,d_os,20,15,25,9,20,3,uniform,20,0,uniform,1,0,400,1,1.5,0.5,815.921.025.069.494,1.562.177.562.673.730,1.43,19.105,139.8,0.0
d_os_20_20_1_15_25_9_25_3,d_os,20,15,25,9,25,3,uniform,20,0,uniform,1,0,400,1,1.5,0.5,7.151.114.671.092.040,12.354.036.677.730.100,1.075,22.095,159.3,0.0
d_os_20_25_1_6_10_9_5_3,d_os,20,6,10,9,5,3,uniform,25,0,uniform,1,0,400,1,1.5,0.5,3.125.642.305.046.210,7.689.105.762.615.540,8.965,5.0,38.0,0.0
d_os_20_25_1_6_10_9_10_3,d_os,20,6,10,9,10,3,uniform,25,0,uniform,1,0,400,1,1.5,0.5,2.570.195.751.012.040,6.175.864.377.530.110,7.36,9.985,70.7,0.0
d_os_20_25_1_6_10_9_15_3,d_os,20,6,10,9,15,3,uniform,25,0,uniform,1,0,400,1,1.5,0.5,21.160.867.859.072.400,49.223.419.647.681.000,5.755,14.715,105.8,0.0
d_os_20_25_1_6_10_9_20_3,d_os,20,6,10,9,20,3,uniform,25,0,uniform,1,0,400,1,1.5,0.5,17.427.201.115.598.100,38.870.502.788.995.300,4.41,18.79,133.0,0.1
d_os_20_25_1_6_10_9_25_3,d_os,20,6,10,9,25,3,uniform,25,0,uniform,1,0,400,1,1.5,0.5,16.951.279.442.171.000,37.369.448.605.427.700,4.22,20.035,139.9,0.1
d_os_20_25_1_9_10_9_5_3,d_os,20,9,10,9,5,3,uniform,25,0,uniform,1,0,400,1,1.5,0.5,3.148.168.196.997.920,7.745.420.492.494.800,8.96,5.0,35.0,0.0
d_os_20_25_1_9_10_9_10_3,d_os,20,9,10,9,10,3,uniform,25,0,uniform,1,0,400,1,1.5,0.5,2.516.194.556.589.940,6.040.861.391.474.860,7.14,9.985,72.0,0.0
d_os_20_25_1_9_10_9_15_3,d_os,20,9,10,9,15,3,uniform,25,0,uniform,1,0,400,1,1.5,0.5,20.009.636.975.999.500,4.634.534.243.999.890,5.375,14.715,109.7,0.0
d_os_20_25_1_9_10_9_20_3,d_os,20,9,10,9,20,3,uniform,25,0,uniform,1,0,400,1,1.5,0.5,17.561.838.255.985.700,3.917.709.563.996.430,4.17,18.91,128.3,0.1
d_os_20_25_1_9_10_9_25_3,d_os,20,9,10,9,25,3,uniform,25,0,uniform,1,0,400,1,1.5,0.5,16.457.918.513.524.900,35.993.546.283.812.400,4.03,20.605,142.2,0.1
d_os_20_25_1_12_10_9_5_3,d_os,20,12,10,9,5,3,uniform,25,0,uniform,1,0,400,1,1.5,0.5,3.093.056.997.795.160,760.764.249.448.792,8.715,5.0,37.0,0.0
d_os_20_25_1_12_10_9_10_3,d_os,20,12,10,9,10,3,uniform,25,0,uniform,1,0,400,1,1.5,0.5,25.140.019.431.434.500,6.035.379.857.858.640,7.05,9.985,70.7,0.0
d_os_20_25_1_12_10_9_15_3,d_os,20,12,10,9,15,3,uniform,25,0,uniform,1,0,400,1,1.5,0.5,1.975.907.024.929.210,4.572.267.562.323.040,5.425,14.7,103.7,0.0
d_os_20_25_1_12_10_9_20_3,d_os,20,12,10,9,20,3,uniform,25,0,uniform,1,0,400,1,1.5,0.5,1.724.909.085.523.470,3.841.272.713.808.680,4.08,18.84,131.9,0.1
d_os_20_25_1_12_10_9_25_3,d_os,20,12,10,9,25,3,uniform,25,0,uniform,1,0,400,1,1.5,0.5,1.716.790.120.167.480,3.787.475.300.418.720,4.18,20.18,142.2,0.1
d_os_20_25_1_15_10_9_5_3,d_os,20,15,10,9,5,3,uniform,25,0,uniform,1,0,400,1,1.5,0.5,3.086.625.406.696.640,7.591.563.516.741.610,8.61,5.0,36.0,0.0
d_os_20_25_1_15_10_9_10_3,d_os,20,15,10,9,10,3,uniform,25,0,uniform,1,0,400,1,1.5,0.5,23.987.011.010.534.200,5.747.127.752.633.560,6.785,9.985,73.0,0.0
d_os_20_25_1_15_10_9_15_3,d_os,20,15,10,9,15,3,uniform,25,0,uniform,1,0,400,1,1.5,0.5,1.968.635.982.376.370,4.554.589.955.940.930,5.41,14.68,100.7,0.0
d_os_20_25_1_15_10_9_20_3,d_os,20,15,10,9,20,3,uniform,25,0,uniform,1,0,400,1,1.5,0.5,17.193.757.197.630.600,3.835.564.299.407.650,4.28,18.515,135.4,0.1
d_os_20_25_1_15_10_9_25_3,d_os,20,15,10,9,25,3,uniform,25,0,uniform,1,0,400,1,1.5,0.5,16.393.553.891.182.200,3.605.888.472.795.560,3.99,19.7,140.8,0.1
d_os_20_25_1_6_15_9_5_3,d_os,20,6,15,9,5,3,uniform,25,0,uniform,1,0,400,1,1.5,0.5,31.161.632.648.601.000,7.665.408.162.150.250,8.91,5.0,34.0,0.0
d_os_20_25_1_6_15_9_10_3,d_os,20,6,15,9,10,3,uniform,25,0,uniform,1,0,400,1,1.5,0.5,24.318.569.507.666.700,5.830.017.376.916.690,7.0,9.985,73.7,0.0
d_os_20_25_1_6_15_9_15_3,d_os,20,6,15,9,15,3,uniform,25,0,uniform,1,0,400,1,1.5,0.5,1.910.251.786.077.220,4.408.004.465.193.060,5.445,14.705,105.5,0.0
d_os_20_25_1_6_15_9_20_3,d_os,20,6,15,9,20,3,uniform,25,0,uniform,1,0,400,1,1.5,0.5,16.137.658.760.372.300,3.553.164.690.093.080,4.165,19.25,133.2,0.0
d_os_20_25_1_6_15_9_25_3,d_os,20,6,15,9,25,3,uniform,25,0,uniform,1,0,400,1,1.5,0.5,13.967.594.736.080.900,29.418.986.840.202.400,3.155,22.0,154.4,0.1
d_os_20_25_1_9_15_9_5_3,d_os,20,9,15,9,5,3,uniform,25,0,uniform,1,0,400,1,1.5,0.5,2.966.812.813.358.340,7.292.032.033.395.850,8.56,5.0,38.0,0.0
d_os_20_25_1_9_15_9_10_3,d_os,20,9,15,9,10,3,uniform,25,0,uniform,1,0,400,1,1.5,0.5,24.004.355.107.763.200,5.751.463.776.940.810,6.895,9.985,71.7,0.0
d_os_20_25_1_9_15_9_15_3,d_os,20,9,15,9,15,3,uniform,25,0,uniform,1,0,400,1,1.5,0.5,18.834.854.767.072.300,4.340.838.691.768.080,5.265,14.715,106.2,0.0
d_os_20_25_1_9_15_9_20_3,d_os,20,9,15,9,20,3,uniform,25,0,uniform,1,0,400,1,1.5,0.5,1.530.529.634.150.610,3.348.574.085.376.530,3.935,19.11,134.9,0.0
d_os_20_25_1_9_15_9_25_3,d_os,20,9,15,9,25,3,uniform,25,0,uniform,1,0,400,1,1.5,0.5,1.354.389.115.571.700,2.846.472.788.929.250,3.045,21.58,153.4,0.1
d_os_20_25_1_12_15_9_5_3,d_os,20,12,15,9,5,3,uniform,25,0,uniform,1,0,400,1,1.5,0.5,29.963.858.782.759.600,7.365.964.695.689.910,8.47,5.0,37.0,0.0
d_os_20_25_1_12_15_9_10_3,d_os,20,12,15,9,10,3,uniform,25,0,uniform,1,0,400,1,1.5,0.5,23.630.402.448.909.900,5.657.975.612.227.480,6.845,9.985,70.0,0.0
d_os_20_25_1_12_15_9_15_3,d_os,20,12,15,9,15,3,uniform,25,0,uniform,1,0,400,1,1.5,0.5,18.660.953.957.086.300,4.297.363.489.271.570,5.28,14.715,101.8,0.0
d_os_20_25_1_12_15_9_20_3,d_os,20,12,15,9,20,3,uniform,25,0,uniform,1,0,400,1,1.5,0.5,1.513.625.051.692.850,33.059.376.292.321.400,3.835,19.125,136.9,0.0
d_os_20_25_1_12_15_9_25_3,d_os,20,12,15,9,25,3,uniform,25,0,uniform,1,0,400,1,1.5,0.5,13.305.911.156.503.700,2.779.977.789.125.930,3.05,21.86,156.0,0.1
d_os_20_25_1_15_15_9_5_3,d_os,20,15,15,9,5,3,uniform,25,0,uniform,1,0,400,1,1.5,0.5,2.923.322.151.167.730,7.183.305.377.919.330,8.31,5.0,37.0,0.0
d_os_20_25_1_15_15_9_10_3,d_os,20,15,15,9,10,3,uniform,25,0,uniform,1,0,400,1,1.5,0.5,22.848.488.547.088.900,5.462.497.136.772.240,6.67,9.985,70.0,0.0
d_os_20_25_1_15_15_9_15_3,d_os,20,15,15,9,15,3,uniform,25,0,uniform,1,0,400,1,1.5,0.5,1.867.865.789.815.540,430.178.947.453.886,5.22,14.715,99.5,0.0
d_os_20_25_1_15_15_9_20_3,d_os,20,15,15,9,20,3,uniform,25,0,uniform,1,0,400,1,1.5,0.5,14.939.321.470.244.300,32.560.803.675.610.700,3.705,19.15,136.3,0.0
d_os_20_25_1_15_15_9_25_3,d_os,20,15,15,9,25,3,uniform,25,0,uniform,1,0,400,1,1.5,0.5,13.641.676.874.094.200,28.594.192.185.235.500,3.345,22.04,156.3,0.1
d_os_20_25_1_6_20_9_5_3,d_os,20,6,20,9,5,3,uniform,25,0,uniform,1,0,400,1,1.5,0.5,2.966.169.535.995.150,7.290.423.839.987.870,8.615,5.0,35.0,0.0
d_os_20_25_1_6_20_9_10_3,d_os,20,6,20,9,10,3,uniform,25,0,uniform,1,0,400,1,1.5,0.5,23.509.968.108.972.200,562.786.702.724.306,6.985,9.985,68.0,0.0
d_os_20_25_1_6_20_9_15_3,d_os,20,6,20,9,15,3,uniform,25,0,uniform,1,0,400,1,1.5,0.5,18.390.197.431.144.000,42.296.743.577.860.200,5.25,14.715,104.8,0.0
d_os_20_25_1_6_20_9_20_3,d_os,20,6,20,9,20,3,uniform,25,0,uniform,1,0,400,1,1.5,0.5,13.934.628.007.450.900,3.004.782.001.862.740,3.89,19.155,134.8,0.0
d_os_20_25_1_6_20_9_25_3,d_os,20,6,20,9,25,3,uniform,25,0,uniform,1,0,400,1,1.5,0.5,11.500.286.695.951.100,2.317.946.673.987.780,2.775,22.285,162.2,0.0
d_os_20_25_1_9_20_9_5_3,d_os,20,9,20,9,5,3,uniform,25,0,uniform,1,0,400,1,1.5,0.5,2.933.767.442.411.210,7.209.418.606.028.040,8.46,5.0,35.0,0.0
d_os_20_25_1_9_20_9_10_3,d_os,20,9,20,9,10,3,uniform,25,0,uniform,1,0,400,1,1.5,0.5,2.232.801.162.569.970,5.332.377.906.424.940,6.67,9.985,71.7,0.0
d_os_20_25_1_9_20_9_15_3,d_os,20,9,20,9,15,3,uniform,25,0,uniform,1,0,400,1,1.5,0.5,17.983.944.729.233.800,41.281.111.823.084.600,5.16,14.715,104.1,0.0
d_os_20_25_1_9_20_9_20_3,d_os,20,9,20,9,20,3,uniform,25,0,uniform,1,0,400,1,1.5,0.5,14.018.095.908.331.600,3.022.523.977.082.900,3.7,19.28,136.3,0.0
d_os_20_25_1_9_20_9_25_3,d_os,20,9,20,9,25,3,uniform,25,0,uniform,1,0,400,1,1.5,0.5,11.913.907.308.159.300,23.997.268.270.398.200,2.86,23.15,160.5,0.0
d_os_20_25_1_12_20_9_5_3,d_os,20,12,20,9,5,3,uniform,25,0,uniform,1,0,400,1,1.5,0.5,2.840.349.236.650.430,697.587.309.162.609,8.215,5.0,37.0,0.0
d_os_20_25_1_12_20_9_10_3,d_os,20,12,20,9,10,3,uniform,25,0,uniform,1,0,400,1,1.5,0.5,22.286.877.306.053.300,5.322.094.326.513.340,6.645,9.985,69.0,0.0
d_os_20_25_1_12_20_9_15_3,d_os,20,12,20,9,15,3,uniform,25,0,uniform,1,0,400,1,1.5,0.5,16.598.561.722.251.700,37.817.654.305.629.400,4.835,14.715,106.0,0.0
d_os_20_25_1_12_20_9_20_3,d_os,20,12,20,9,20,3,uniform,25,0,uniform,1,0,400,1,1.5,0.5,13.417.470.265.733.600,2.872.992.566.433.420,3.54,19.255,138.2,0.0
d_os_20_25_1_12_20_9_25_3,d_os,20,12,20,9,25,3,uniform,25,0,uniform,1,0,400,1,1.5,0.5,11.680.058.183.776.400,23.483.895.459.441.100,2.785,22.865,160.4,0.0
d_os_20_25_1_15_20_9_5_3,d_os,20,15,20,9,5,3,uniform,25,0,uniform,1,0,400,1,1.5,0.5,2.782.107.728.726.380,683.026.932.181.596,8.015,5.0,38.0,0.0
d_os_20_25_1_15_20_9_10_3,d_os,20,15,20,9,10,3,uniform,25,0,uniform,1,0,400,1,1.5,0.5,2.106.853.921.276.630,5.017.509.803.191.580,6.29,9.985,73.0,0.0
d_os_20_25_1_15_20_9_15_3,d_os,20,15,20,9,15,3,uniform,25,0,uniform,1,0,400,1,1.5,0.5,1.647.264.207.197.970,37.502.855.179.949.400,4.7,14.715,106.8,0.0
d_os_20_25_1_15_20_9_20_3,d_os,20,15,20,9,20,3,uniform,25,0,uniform,1,0,400,1,1.5,0.5,1.321.362.393.379.310,28.225.309.834.482.900,3.405,19.235,138.9,0.0
d_os_20_25_1_15_20_9_25_3,d_os,20,15,20,9,25,3,uniform,25,0,uniform,1,0,400,1,1.5,0.5,11.576.540.503.396.100,23.350.101.258.490.400,2.765,22.365,163.7,0.0
d_os_20_25_1_6_25_9_5_3,d_os,20,6,25,9,5,3,uniform,25,0,uniform,1,0,400,1,1.5,0.5,28.782.745.654.673.700,7.070.686.413.668.440,8.31,5.0,36.0,0.0
d_os_20_25_1_6_25_9_10_3,d_os,20,6,25,9,10,3,uniform,25,0,uniform,1,0,400,1,1.5,0.5,2.120.185.747.113.620,5.050.839.367.784.060,6.36,9.985,75.4,0.0
d_os_20_25_1_6_25_9_15_3,d_os,20,6,25,9,15,3,uniform,25,0,uniform,1,0,400,1,1.5,0.5,16.573.089.292.371.700,3.775.397.323.092.930,5.02,14.715,103.7,0.0
d_os_20_25_1_6_25_9_20_3,d_os,20,6,25,9,20,3,uniform,25,0,uniform,1,0,400,1,1.5,0.5,12.914.680.323.874.200,2.746.545.080.968.560,3.6,19.285,134.6,0.0
d_os_20_25_1_6_25_9_25_3,d_os,20,6,25,9,25,3,uniform,25,0,uniform,1,0,400,1,1.5,0.5,10.014.032.167.150.500,1.937.008.041.787.640,2.445,22.66,163.3,0.0
d_os_20_25_1_9_25_9_5_3,d_os,20,9,25,9,5,3,uniform,25,0,uniform,1,0,400,1,1.5,0.5,27.755.905.106.145.200,6.813.976.276.536.310,8.115,5.0,37.0,0.0
d_os_20_25_1_9_25_9_10_3,d_os,20,9,25,9,10,3,uniform,25,0,uniform,1,0,400,1,1.5,0.5,21.139.998.850.871.200,5.035.374.712.717.810,6.39,9.985,71.7,0.0
d_os_20_25_1_9_25_9_15_3,d_os,20,9,25,9,15,3,uniform,25,0,uniform,1,0,400,1,1.5,0.5,16.828.745.392.808.800,3.839.311.348.202.220,5.095,14.715,98.2,0.0
d_os_20_25_1_9_25_9_20_3,d_os,20,9,25,9,20,3,uniform,25,0,uniform,1,0,400,1,1.5,0.5,12.588.758.344.716.100,2.665.064.586.179.030,3.54,19.285,133.3,0.0
d_os_20_25_1_9_25_9_25_3,d_os,20,9,25,9,25,3,uniform,25,0,uniform,1,0,400,1,1.5,0.5,10.014.551.631.266.100,1.937.887.907.816.530,2.415,22.63,163.4,0.0
d_os_20_25_1_12_25_9_5_3,d_os,20,12,25,9,5,3,uniform,25,0,uniform,1,0,400,1,1.5,0.5,27.986.212.165.974.600,6.871.553.041.493.660,8.06,5.0,35.0,0.0
d_os_20_25_1_12_25_9_10_3,d_os,20,12,25,9,10,3,uniform,25,0,uniform,1,0,400,1,1.5,0.5,2.096.283.820.913.490,4.991.084.552.283.730,6.25,9.985,72.0,0.0
d_os_20_25_1_12_25_9_15_3,d_os,20,12,25,9,15,3,uniform,25,0,uniform,1,0,400,1,1.5,0.5,15.965.502.757.582.600,36.235.006.893.956.500,4.66,14.715,105.8,0.0
d_os_20_25_1_12_25_9_20_3,d_os,20,12,25,9,20,3,uniform,25,0,uniform,1,0,400,1,1.5,0.5,12.276.230.228.110.200,2.587.807.557.027.550,3.315,19.25,136.3,0.0
d_os_20_25_1_12_25_9_25_3,d_os,20,12,25,9,25,3,uniform,25,0,uniform,1,0,400,1,1.5,0.5,10.373.423.839.022.800,20.174.809.597.557.100,2.565,23.035,158.4,0.0
d_os_20_25_1_15_25_9_5_3,d_os,20,15,25,9,5,3,uniform,25,0,uniform,1,0,400,1,1.5,0.5,2.759.231.057.915.990,6.773.077.644.789.970,7.915,5.0,35.0,0.0
d_os_20_25_1_15_25_9_10_3,d_os,20,15,25,9,10,3,uniform,25,0,uniform,1,0,400,1,1.5,0.5,1.982.494.659.139.570,4.706.611.647.848.930,5.89,9.985,76.7,0.0
d_os_20_25_1_15_25_9_15_3,d_os,20,15,25,9,15,3,uniform,25,0,uniform,1,0,400,1,1.5,0.5,1.531.631.971.366.840,3.461.204.928.417.110,4.465,14.715,105.8,0.0
d_os_20_25_1_15_25_9_20_3,d_os,20,15,25,9,20,3,uniform,25,0,uniform,1,0,400,1,1.5,0.5,11.767.424.976.018.400,24.607.312.440.046.200,3.125,19.245,140.2,0.0
d_os_20_25_1_15_25_9_25_3,d_os,20,15,25,9,25,3,uniform,25,0,uniform,1,0,400,1,1.5,0.5,10.239.385.176.913.700,1.979.596.294.228.430,2.49,23.21,157.5,0.0
d_os_20_10_2_6_10_9_5_3,d_os,20,6,10,9,5,3,uniform,10,0,uniform,2,0,400,1,1.5,0.5,23.173.471.624.667.000,5.668.367.906.166.750,2.295,5.0,36.0,0.0
d_os_20_10_2_6_10_9_10_3,d_os,20,6,10,9,10,3,uniform,10,0,uniform,2,0,400,1,1.5,0.5,11.309.456.273.971.700,2.579.364.068.492.920,0.64,9.92,70.8,0.0
d_os_20_10_2_6_10_9_15_3,d_os,20,6,10,9,15,3,uniform,10,0,uniform,2,0,400,1,1.5,0.5,8.166.308.103.093.800,1.721.702.025.773.450,0.04,12.795,89.5,0.2
d_os_20_10_2_6_10_9_20_3,d_os,20,6,10,9,20,3,uniform,10,0,uniform,2,0,400,1,1.5,0.5,7.865.465.507.286.800,16.413.663.768.217.000,0.0,13.0,93.1,0.7
d_os_20_10_2_6_10_9_25_3,d_os,20,6,10,9,25,3,uniform,10,0,uniform,2,0,400,1,1.5,0.5,NaN,NaN,0.0,12.435,86.1,2.9
d_os_20_10_2_9_10_9_5_3,d_os,20,9,10,9,5,3,uniform,10,0,uniform,2,0,400,1,1.5,0.5,2.066.961.307.691.670,5.042.403.269.229.190,2.08,5.0,37.0,0.0
d_os_20_10_2_9_10_9_10_3,d_os,20,9,10,9,10,3,uniform,10,0,uniform,2,0,400,1,1.5,0.5,10.197.704.316.062.000,23.016.760.790.155.100,0.48,9.91,72.6,0.0
d_os_20_10_2_9_10_9_15_3,d_os,20,9,10,9,15,3,uniform,10,0,uniform,2,0,400,1,1.5,0.5,7.645.142.754.716.420,1.585.785.688.679.100,15.0,13.02,91.3,0.5
d_os_20_10_2_9_10_9_20_3,d_os,20,9,10,9,20,3,uniform,10,0,uniform,2,0,400,1,1.5,0.5,8.014.635.103.942.350,16.740.337.759.855.800,0.0,13.185,92.2,2.0
d_os_20_10_2_9_10_9_25_3,d_os,20,9,10,9,25,3,uniform,10,0,uniform,2,0,400,1,1.5,0.5,NaN,NaN,0.01,12.995,85.1,1.7
d_os_20_10_2_12_10_9_5_3,d_os,20,12,10,9,5,3,uniform,10,0,uniform,2,0,400,1,1.5,0.5,20.582.862.844.377.200,5.020.715.711.094.300,1.88,5.0,39.0,0.0
d_os_20_10_2_12_10_9_10_3,d_os,20,12,10,9,10,3,uniform,10,0,uniform,2,0,400,1,1.5,0.5,10.055.581.848.847.300,22.662.704.622.118.300,0.48,9.905,68.8,0.0
d_os_20_10_2_12_10_9_15_3,d_os,20,12,10,9,15,3,uniform,10,0,uniform,2,0,400,1,1.5,0.5,7.579.451.315.828.950,15.844.878.289.572.300,0.0,12.415,91.3,1.0
d_os_20_10_2_12_10_9_20_3,d_os,20,12,10,9,20,3,uniform,10,0,uniform,2,0,400,1,1.5,0.5,7.501.837.859.225.270,1.548.459.464.806.310,0.0,13.08,89.4,0.6
d_os_20_10_2_12_10_9_25_3,d_os,20,12,10,9,25,3,uniform,10,0,uniform,2,0,400,1,1.5,0.5,7.861.207.482.857.340,16.495.518.707.143.300,0.0,12.63,87.0,2.1
d_os_20_10_2_15_10_9_5_3,d_os,20,15,10,9,5,3,uniform,10,0,uniform,2,0,400,1,1.5,0.5,19.585.417.278.288.600,47.713.543.195.721.500,1.88,5.0,35.0,0.0
d_os_20_10_2_15_10_9_10_3,d_os,20,15,10,9,10,3,uniform,10,0,uniform,2,0,400,1,1.5,0.5,919.216.421.831.321,20.507.910.545.783.000,0.28,9.89,71.5,0.0
d_os_20_10_2_15_10_9_15_3,d_os,20,15,10,9,15,3,uniform,10,0,uniform,2,0,400,1,1.5,0.5,7.868.103.814.833.330,16.490.259.537.083.300,5.0,12.72,90.1,0.1
d_os_20_10_2_15_10_9_20_3,d_os,20,15,10,9,20,3,uniform,10,0,uniform,2,0,400,1,1.5,0.5,7.475.008.910.189.720,15.428.772.275.474.300,5.0,13.035,94.2,1.3
d_os_20_10_2_15_10_9_25_3,d_os,20,15,10,9,25,3,uniform,10,0,uniform,2,0,400,1,1.5,0.5,7.585.360.770.476.580,15.487.151.926.191.400,5.0,13.905,97.5,1.8
d_os_20_10_2_6_15_9_5_3,d_os,20,6,15,9,5,3,uniform,10,0,uniform,2,0,400,1,1.5,0.5,20.862.090.808.969.800,5.090.522.702.242.470,2.025,5.0,36.0,0.0
d_os_20_10_2_6_15_9_10_3,d_os,20,6,15,9,10,3,uniform,10,0,uniform,2,0,400,1,1.5,0.5,1.033.944.568.770.280,2.336.486.421.925.700,0.45,9.935,70.5,0.0
d_os_20_10_2_6_15_9_15_3,d_os,20,6,15,9,15,3,uniform,10,0,uniform,2,0,400,1,1.5,0.5,7.971.170.407.812.290,16.840.426.019.530.700,0.0,12.35,88.7,0.2
d_os_20_10_2_6_15_9_20_3,d_os,20,6,15,9,20,3,uniform,10,0,uniform,2,0,400,1,1.5,0.5,726.396.068.176.586,1.475.115.170.441.460,0.0,13.635,96.3,0.8
d_os_20_10_2_6_15_9_25_3,d_os,20,6,15,9,25,3,uniform,10,0,uniform,2,0,400,1,1.5,0.5,7.685.931.802.143.600,15.982.329.505.359.000,0.0,12.93,90.9,1.1
d_os_20_10_2_9_15_9_5_3,d_os,20,9,15,9,5,3,uniform,10,0,uniform,2,0,400,1,1.5,0.5,20.382.401.743.427.900,4.970.600.435.856.990,1.9,5.0,36.0,0.0
d_os_20_10_2_9_15_9_10_3,d_os,20,9,15,9,10,3,uniform,10,0,uniform,2,0,400,1,1.5,0.5,9.373.470.056.801.510,20.949.925.142.003.700,265.0,9.935,72.9,0.0
d_os_20_10_2_9_15_9_15_3,d_os,20,9,15,9,15,3,uniform,10,0,uniform,2,0,400,1,1.5,0.5,7.655.204.146.929.670,15.863.010.367.324.100,0.0,13.1,90.0,0.1
d_os_20_10_2_9_15_9_20_3,d_os,20,9,15,9,20,3,uniform,10,0,uniform,2,0,400,1,1.5,0.5,7.422.786.426.439.020,15.264.466.066.097.500,0.0,13.17,93.2,1.4
d_os_20_10_2_9_15_9_25_3,d_os,20,9,15,9,25,3,uniform,10,0,uniform,2,0,400,1,1.5,0.5,8.319.027.838.067.890,17.455.069.595.169.700,0.0,13.37,93.6,1.3
d_os_20_10_2_12_15_9_5_3,d_os,20,12,15,9,5,3,uniform,10,0,uniform,2,0,400,1,1.5,0.5,18.052.596.466.429.600,4.388.149.116.607.400,1.68,5.0,37.0,0.0
d_os_20_10_2_12_15_9_10_3,d_os,20,12,15,9,10,3,uniform,10,0,uniform,2,0,400,1,1.5,0.5,9.214.728.828.318.730,20.559.322.070.796.800,255.0,9.91,70.6,0.0
d_os_20_10_2_12_15_9_15_3,d_os,20,12,15,9,15,3,uniform,10,0,uniform,2,0,400,1,1.5,0.5,8.253.000.251.756.880,1.756.000.062.939.220,0.0,12.29,89.9,0.3
d_os_20_10_2_12_15_9_20_3,d_os,20,12,15,9,20,3,uniform,10,0,uniform,2,0,400,1,1.5,0.5,8.053.915.330.372.800,16.934.788.325.932.000,0.0,12.8,90.1,1.1
d_os_20_10_2_12_15_9_25_3,d_os,20,12,15,9,25,3,uniform,10,0,uniform,2,0,400,1,1.5,0.5,7.842.051.137.087.010,16.547.627.842.717.500,0.0,12.23,87.4,1.5
d_os_20_10_2_15_15_9_5_3,d_os,20,15,15,9,5,3,uniform,10,0,uniform,2,0,400,1,1.5,0.5,17.696.597.177.378.500,4.299.149.294.344.640,1.625,5.0,35.0,0.0
d_os_20_10_2_15_15_9_10_3,d_os,20,15,15,9,10,3,uniform,10,0,uniform,2,0,400,1,1.5,0.5,9.195.143.354.958.050,20.501.608.387.395.100,0.18,9.945,72.0,0.0
d_os_20_10_2_15_15_9_15_3,d_os,20,15,15,9,15,3,uniform,10,0,uniform,2,0,400,1,1.5,0.5,8.077.488.769.814.070,16.959.971.924.535.100,5.0,12.935,90.7,0.2
d_os_20_10_2_15_15_9_20_3,d_os,20,15,15,9,20,3,uniform,10,0,uniform,2,0,400,1,1.5,0.5,7.385.727.153.602.850,15.140.567.884.007.100,0.0,13.295,93.7,0.5
d_os_20_10_2_15_15_9_25_3,d_os,20,15,15,9,25,3,uniform,10,0,uniform,2,0,400,1,1.5,0.5,7.452.978.148.234.030,15.281.195.370.585.000,0.0,13.405,95.8,0.5
d_os_20_10_2_6_20_9_5_3,d_os,20,6,20,9,5,3,uniform,10,0,uniform,2,0,400,1,1.5,0.5,1.839.428.136.364.440,44.735.703.409.111.100,1.7,5.0,38.0,0.0
d_os_20_10_2_6_20_9_10_3,d_os,20,6,20,9,10,3,uniform,10,0,uniform,2,0,400,1,1.5,0.5,9.134.169.674.774.080,2.035.167.418.693.520,0.23,9.935,72.0,0.0
d_os_20_10_2_6_20_9_15_3,d_os,20,6,20,9,15,3,uniform,10,0,uniform,2,0,400,1,1.5,0.5,8.375.174.103.225.000,1.787.543.525.806.250,0.0,12.25,87.9,0.9
d_os_20_10_2_6_20_9_20_3,d_os,20,6,20,9,20,3,uniform,10,0,uniform,2,0,400,1,1.5,0.5,7.721.947.904.126.680,15.827.369.760.316.700,0.0,13.91,95.6,1.1
d_os_20_10_2_6_20_9_25_3,d_os,20,6,20,9,25,3,uniform,10,0,uniform,2,0,400,1,1.5,0.5,NaN,NaN,0.0,12.34,83.5,1.9
d_os_20_10_2_9_20_9_5_3,d_os,20,9,20,9,5,3,uniform,10,0,uniform,2,0,400,1,1.5,0.5,17.542.931.635.411.800,42.607.329.088.529.600,1.545,5.0,38.0,0.0
d_os_20_10_2_9_20_9_10_3,d_os,20,9,20,9,10,3,uniform,10,0,uniform,2,0,400,1,1.5,0.5,9.142.852.993.586.950,20.379.632.483.967.300,205.0,9.91,71.0,0.0
d_os_20_10_2_9_20_9_15_3,d_os,20,9,20,9,15,3,uniform,10,0,uniform,2,0,400,1,1.5,0.5,7.855.335.597.395.230,1.634.708.899.348.800,0.0,13.165,89.5,0.2
d_os_20_10_2_9_20_9_20_3,d_os,20,9,20,9,20,3,uniform,10,0,uniform,2,0,400,1,1.5,0.5,7.680.136.949.505.870,15.842.842.373.764.600,0.0,13.43,92.7,1.5
d_os_20_10_2_9_20_9_25_3,d_os,20,9,20,9,25,3,uniform,10,0,uniform,2,0,400,1,1.5,0.5,8.326.009.841.323.840,17.653.774.603.309.600,0.0,12.645,90.1,1.6
d_os_20_10_2_12_20_9_5_3,d_os,20,12,20,9,5,3,uniform,10,0,uniform,2,0,400,1,1.5,0.5,16.810.114.178.555.300,4.077.528.544.638.820,1.48,5.0,36.0,0.0
d_os_20_10_2_12_20_9_10_3,d_os,20,12,20,9,10,3,uniform,10,0,uniform,2,0,400,1,1.5,0.5,9.248.936.390.635.150,20.633.590.976.587.800,0.15,9.955,70.5,0.0
d_os_20_10_2_12_20_9_15_3,d_os,20,12,20,9,15,3,uniform,10,0,uniform,2,0,400,1,1.5,0.5,7.930.184.639.881.910,16.712.961.599.704.700,0.0,12.45,89.3,0.3
d_os_20_10_2_12_20_9_20_3,d_os,20,12,20,9,20,3,uniform,10,0,uniform,2,0,400,1,1.5,0.5,7.308.402.695.716.410,15.011.006.739.291.000,0.0,13.04,92.1,1.0
d_os_20_10_2_12_20_9_25_3,d_os,20,12,20,9,25,3,uniform,10,0,uniform,2,0,400,1,1.5,0.5,7.879.269.636.688.990,16.320.674.091.722.400,0.0,13.51,91.5,1.2
d_os_20_10_2_15_20_9_5_3,d_os,20,15,20,9,5,3,uniform,10,0,uniform,2,0,400,1,1.5,0.5,1.594.294.123.599.210,3.860.735.308.998.040,1.275,5.0,37.0,0.0
d_os_20_10_2_15_20_9_10_3,d_os,20,15,20,9,10,3,uniform,10,0,uniform,2,0,400,1,1.5,0.5,8.628.317.670.177.270,19.092.044.175.443.100,0.09,9.915,69.8,0.0
d_os_20_10_2_15_20_9_15_3,d_os,20,15,20,9,15,3,uniform,10,0,uniform,2,0,400,1,1.5,0.5,7.483.817.521.858.610,15.459.543.804.646.500,0.0,13.0,92.6,0.4
d_os_20_10_2_15_20_9_20_3,d_os,20,15,20,9,20,3,uniform,10,0,uniform,2,0,400,1,1.5,0.5,7.586.556.330.859.130,15.787.640.827.147.800,0.0,12.715,89.6,0.5
d_os_20_10_2_15_20_9_25_3,d_os,20,15,20,9,800,3,uniform,10,0,uniform,2,0,400,1,1.5,0.5,NaN,NaN,0.0,12.945,82.6,3.2
d_os_20_10_2_6_25_9_5_3,d_os,20,6,25,9,5,3,uniform,10,0,uniform,2,0,400,1,1.5,0.5,1.765.825.669.138.680,42.895.641.728.467.200,1.535,5.0,36.0,0.0
d_os_20_10_2_6_25_9_10_3,d_os,20,6,25,9,10,3,uniform,10,0,uniform,2,0,400,1,1.5,0.5,8.794.911.852.419.380,19.502.279.631.048.400,0.11,9.94,72.4,0.0
d_os_20_10_2_6_25_9_15_3,d_os,20,6,25,9,15,3,uniform,10,0,uniform,2,0,400,1,1.5,0.5,7.728.912.791.051.500,16.153.531.977.628.700,0.0,12.675,90.3,0.5
d_os_20_10_2_6_25_9_20_3,d_os,20,6,25,9,20,3,uniform,10,0,uniform,2,0,400,1,1.5,0.5,8.114.534.525.144.290,1.707.383.631.286.070,0.0,12.85,90.1,1.4
d_os_20_10_2_6_25_9_25_3,d_os,20,6,25,9,25,3,uniform,10,0,uniform,2,0,400,1,1.5,0.5,7.788.091.935.684.330,16.253.979.839.210.800,0.0,12.865,91.9,1.1
d_os_20_10_2_9_25_9_5_3,d_os,20,9,25,9,5,3,uniform,10,0,uniform,2,0,400,1,1.5,0.5,17.254.622.696.101.300,41.886.556.740.253.300,1.38,5.0,36.0,0.0
d_os_20_10_2_9_25_9_10_3,d_os,20,9,25,9,10,3,uniform,10,0,uniform,2,0,400,1,1.5,0.5,9.013.653.680.400.500,20.047.884.201.001.200,125.0,9.945,68.5,0.0
d_os_20_10_2_9_25_9_15_3,d_os,20,9,25,9,15,3,uniform,10,0,uniform,2,0,400,1,1.5,0.5,7.789.105.765.647.800,16.341.514.414.119.500,0.0,12.525,92.4,0.3
d_os_20_10_2_9_25_9_20_3,d_os,20,9,25,9,20,3,uniform,10,0,uniform,2,0,400,1,1.5,0.5,7.834.599.069.611.950,16.270.247.674.029.800,0.0,13.265,93.3,0.9
d_os_20_10_2_9_25_9_25_3,d_os,20,9,25,9,25,3,uniform,10,0,uniform,2,0,400,1,1.5,0.5,7.995.238.452.977.870,16.911.846.132.444.600,0.0,12.305,88.3,1.2
d_os_20_10_2_12_25_9_5_3,d_os,20,12,25,9,5,3,uniform,10,0,uniform,2,0,400,1,1.5,0.5,15.597.328.025.128.600,3.774.332.006.282.150,1.185,5.0,37.0,0.0
d_os_20_10_2_12_25_9_10_3,d_os,20,12,25,9,10,3,uniform,10,0,uniform,2,0,400,1,1.5,0.5,8.724.502.046.959.680,19.333.755.117.399.200,75.0,9.91,69.6,0.0
d_os_20_10_2_12_25_9_15_3,d_os,20,12,25,9,15,3,uniform,10,0,uniform,2,0,400,1,1.5,0.5,7.840.486.029.035.060,1.633.121.507.258.760,0.0,13.08,92.2,0.6
d_os_20_10_2_12_25_9_20_3,d_os,20,12,25,9,20,3,uniform,10,0,uniform,2,0,400,1,1.5,0.5,7.571.011.203.639.850,15.496.278.009.099.600,0.0,13.725,96.1,0.6
d_os_20_10_2_12_25_9_25_3,d_os,20,12,25,9,25,3,uniform,10,0,uniform,2,0,400,1,1.5,0.5,806.574.217.571.059,17.168.105.439.276.400,0.0,11.985,88.5,0.9
d_os_20_10_2_15_25_9_5_3,d_os,20,15,25,9,5,3,uniform,10,0,uniform,2,0,400,1,1.5,0.5,1.557.333.485.559.280,37.683.337.138.982.000,1.09,5.0,36.0,0.0
d_os_20_10_2_15_25_9_10_3,d_os,20,15,25,9,10,3,uniform,10,0,uniform,2,0,400,1,1.5,0.5,8.544.008.824.469.430,18.878.772.061.173.500,45.0,9.925,72.9,0.0
d_os_20_10_2_15_25_9_15_3,d_os,20,15,25,9,15,3,uniform,10,0,uniform,2,0,400,1,1.5,0.5,8.065.783.109.015.520,16.974.457.772.538.800,0.0,12.76,89.5,0.3
d_os_20_10_2_15_25_9_20_3,d_os,20,15,25,9,20,3,uniform,10,0,uniform,2,0,400,1,1.5,0.5,7.289.862.152.446.060,1.503.715.538.111.510,0.0,12.75,89.8,1.5
d_os_20_10_2_15_25_9_25_3,d_os,20,15,25,9,25,3,uniform,10,0,uniform,2,0,400,1,1.5,0.5,812.250.614.875.618,1.702.001.537.189.040,0.0,13.145,91.6,1.3
d_os_20_15_2_6_10_9_5_3,d_os,20,6,10,9,5,3,uniform,15,0,uniform,2,0,400,1,1.5,0.5,2.886.589.714.784.670,7.091.474.286.961.690,5.03,5.0,34.0,0.0
d_os_20_15_2_6_10_9_10_3,d_os,20,6,10,9,10,3,uniform,15,0,uniform,2,0,400,1,1.5,0.5,1.890.608.745.808.180,44.775.218.645.204.600,3.16,9.96,74.4,0.0
d_os_20_15_2_6_10_9_15_3,d_os,20,6,10,9,15,3,uniform,15,0,uniform,2,0,400,1,1.5,0.5,13.429.726.922.538.100,2.993.681.730.634.530,1.64,14.55,106.6,0.0
d_os_20_15_2_6_10_9_20_3,d_os,20,6,10,9,20,3,uniform,15,0,uniform,2,0,400,1,1.5,0.5,11.458.108.286.356.600,24.334.020.715.891.700,1.04,17.245,122.6,0.0
d_os_20_15_2_6_10_9_25_3,d_os,20,6,10,9,25,3,uniform,15,0,uniform,2,0,400,1,1.5,0.5,11.423.567.040.807.400,24.012.667.602.018.500,1.1,18.185,128.8,0.6
d_os_20_15_2_9_10_9_5_3,d_os,20,9,10,9,5,3,uniform,15,0,uniform,2,0,400,1,1.5,0.5,2.751.224.205.959.520,6.753.060.514.898.810,4.785,5.0,36.0,0.0
d_os_20_15_2_9_10_9_10_3,d_os,20,9,10,9,10,3,uniform,15,0,uniform,2,0,400,1,1.5,0.5,1.854.116.789.309.640,4.386.291.973.274.100,3.04,9.96,71.8,0.0
d_os_20_15_2_9_10_9_15_3,d_os,20,9,10,9,15,3,uniform,15,0,uniform,2,0,400,1,1.5,0.5,13.287.522.615.603.400,29.572.556.539.008.600,1.66,14.585,102.4,0.0
d_os_20_15_2_9_10_9_20_3,d_os,20,9,10,9,20,3,uniform,15,0,uniform,2,0,400,1,1.5,0.5,11.133.678.108.615.500,2.359.544.527.153.890,1.05,16.955,122.6,0.3
d_os_20_15_2_9_10_9_25_3,d_os,20,9,10,9,25,3,uniform,15,0,uniform,2,0,400,1,1.5,0.5,11.457.400.285.636.200,24.193.500.714.090.600,1.145,17.8,126.5,0.5
d_os_20_15_2_12_10_9_5_3,d_os,20,12,10,9,5,3,uniform,15,0,uniform,2,0,400,1,1.5,0.5,2.770.044.610.431.880,6.800.111.526.079.720,4.73,5.0,34.0,0.0
d_os_20_15_2_12_10_9_10_3,d_os,20,12,10,9,10,3,uniform,15,0,uniform,2,0,400,1,1.5,0.5,17.949.710.257.911.200,42.384.275.644.778.000,2.81,9.96,74.0,0.0
d_os_20_15_2_12_10_9_15_3,d_os,20,12,10,9,15,3,uniform,15,0,uniform,2,0,400,1,1.5,0.5,12.894.334.135.630.900,28.589.585.339.077.300,1.45,14.585,106.7,0.0
d_os_20_15_2_12_10_9_20_3,d_os,20,12,10,9,20,3,uniform,15,0,uniform,2,0,400,1,1.5,0.5,1.109.970.116.526.290,237.567.529.131.574,905.0,15.97,116.4,0.4
d_os_20_15_2_12_10_9_25_3,d_os,20,12,10,9,25,3,uniform,15,0,uniform,2,0,400,1,1.5,0.5,11.478.258.335.815.100,2.443.814.583.953.770,995.0,17.03,121.3,0.5
d_os_20_15_2_15_10_9_5_3,d_os,20,15,10,9,5,3,uniform,15,0,uniform,2,0,400,1,1.5,0.5,2.722.517.705.594.650,668.129.426.398.664,4.62,5.0,33.0,0.0
d_os_20_15_2_15_10_9_10_3,d_os,20,15,10,9,10,3,uniform,15,0,uniform,2,0,400,1,1.5,0.5,18.387.204.871.912.400,43.478.012.179.781.000,2.82,9.96,71.0,0.0
d_os_20_15_2_15_10_9_15_3,d_os,20,15,10,9,15,3,uniform,15,0,uniform,2,0,400,1,1.5,0.5,1.245.774.038.617.070,275.168.509.654.269,1.33,14.51,106.4,0.0
d_os_20_15_2_15_10_9_20_3,d_os,20,15,10,9,20,3,uniform,15,0,uniform,2,0,400,1,1.5,0.5,11.745.333.638.273.000,24.919.584.095.682.600,1.085,17.775,122.1,0.2
d_os_20_15_2_15_10_9_25_3,d_os,20,15,10,9,25,3,uniform,15,0,uniform,2,0,400,1,1.5,0.5,10.794.624.103.441.300,22.627.810.258.603.400,0.96,17.435,123.5,0.4
d_os_20_15_2_6_15_9_5_3,d_os,20,6,15,9,5,3,uniform,15,0,uniform,2,0,400,1,1.5,0.5,2.631.885.365.924.950,6.454.713.414.812.390,4.655,5.0,36.0,0.0
d_os_20_15_2_6_15_9_10_3,d_os,20,6,15,9,10,3,uniform,15,0,uniform,2,0,400,1,1.5,0.5,1.847.856.162.031.240,4.370.640.405.078.110,3.115,9.96,69.2,0.0
d_os_20_15_2_6_15_9_15_3,d_os,20,6,15,9,15,3,uniform,15,0,uniform,2,0,400,1,1.5,0.5,10.741.951.384.178.700,23.219.878.460.446.800,1.35,14.54,107.5,0.0
d_os_20_15_2_6_15_9_20_3,d_os,20,6,15,9,20,3,uniform,15,0,uniform,2,0,400,1,1.5,0.5,8.414.816.638.244.080,16.544.541.595.610.200,0.51,17.97,128.3,0.0
d_os_20_15_2_6_15_9_25_3,d_os,20,6,15,9,25,3,uniform,15,0,uniform,2,0,400,1,1.5,0.5,8.145.666.095.120.250,15.724.165.237.800.600,0.32,18.56,135.9,0.3
d_os_20_15_2_9_15_9_5_3,d_os,20,9,15,9,5,3,uniform,15,0,uniform,2,0,400,1,1.5,0.5,2.581.000.836.743.900,6.327.502.091.859.750,4.47,5.0,37.0,0.0
d_os_20_15_2_9_15_9_10_3,d_os,20,9,15,9,10,3,uniform,15,0,uniform,2,0,400,1,1.5,0.5,1.663.512.987.776.340,390.978.246.944.087,2.71,9.96,75.4,0.0
d_os_20_15_2_9_15_9_15_3,d_os,20,9,15,9,15,3,uniform,15,0,uniform,2,0,400,1,1.5,0.5,10.583.673.323.202.100,22.819.183.308.005.300,1.255,14.56,107.4,0.0
d_os_20_15_2_9_15_9_20_3,d_os,20,9,15,9,20,3,uniform,15,0,uniform,2,0,400,1,1.5,0.5,8.308.370.021.640.170,1.629.842.505.410.040,0.47,17.89,130.4,0.0
d_os_20_15_2_9_15_9_25_3,d_os,20,9,15,9,25,3,uniform,15,0,uniform,2,0,400,1,1.5,0.5,7.822.302.983.251.010,14.918.257.458.127.500,0.27,18.55,133.9,0.3
d_os_20_15_2_12_15_9_5_3,d_os,20,12,15,9,5,3,uniform,15,0,uniform,2,0,400,1,1.5,0.5,2.494.900.410.903.410,6.112.251.027.258.530,4.34,5.0,37.0,0.0
d_os_20_15_2_12_15_9_10_3,d_os,20,12,15,9,10,3,uniform,15,0,uniform,2,0,400,1,1.5,0.5,1.627.302.998.309.840,38.192.574.957.746.100,2.64,9.96,73.0,0.0
d_os_20_15_2_12_15_9_15_3,d_os,20,12,15,9,15,3,uniform,15,0,uniform,2,0,400,1,1.5,0.5,10.582.520.273.029.100,2.281.130.068.257.290,1.19,14.58,106.3,0.0
d_os_20_15_2_12_15_9_20_3,d_os,20,12,15,9,20,3,uniform,15,0,uniform,2,0,400,1,1.5,0.5,8.369.479.560.773.000,1.636.994.890.193.250,505.0,18.215,127.7,0.0
d_os_20_15_2_12_15_9_25_3,d_os,20,12,15,9,25,3,uniform,15,0,uniform,2,0,400,1,1.5,0.5,7.934.896.523.219.250,15.150.991.308.048.100,285.0,18.745,133.3,0.3
d_os_20_15_2_15_15_9_5_3,d_os,20,15,15,9,5,3,uniform,15,0,uniform,2,0,400,1,1.5,0.5,24.784.996.639.611.900,6.071.249.159.902.990,4.27,5.0,35.0,0.0
d_os_20_15_2_15_15_9_10_3,d_os,20,15,15,9,10,3,uniform,15,0,uniform,2,0,400,1,1.5,0.5,1.580.132.664.561.860,3.701.331.661.404.650,2.555,9.96,70.8,0.0
d_os_20_15_2_15_15_9_15_3,d_os,20,15,15,9,15,3,uniform,15,0,uniform,2,0,400,1,1.5,0.5,10.482.781.558.447.300,22.555.703.896.118.400,1.095,14.605,106.0,0.0
d_os_20_15_2_15_15_9_20_3,d_os,20,15,15,9,20,3,uniform,15,0,uniform,2,0,400,1,1.5,0.5,900.609.098.351.799,17.881.477.458.794.900,0.62,18.535,125.6,0.0
d_os_20_15_2_15_15_9_25_3,d_os,20,15,15,9,25,3,uniform,15,0,uniform,2,0,400,1,1.5,0.5,82.164.240.838.377,15.631.060.209.594.200,325.0,19.64,138.6,0.2
d_os_20_15_2_6_20_9_5_3,d_os,20,6,20,9,5,3,uniform,15,0,uniform,2,0,400,1,1.5,0.5,2.668.734.886.026.030,6.546.837.215.065.070,4.62,5.0,32.0,0.0
d_os_20_15_2_6_20_9_10_3,d_os,20,6,20,9,10,3,uniform,15,0,uniform,2,0,400,1,1.5,0.5,15.839.187.599.099.700,3.710.796.899.774.930,2.7,9.96,72.4,0.0
d_os_20_15_2_6_20_9_15_3,d_os,20,6,20,9,15,3,uniform,15,0,uniform,2,0,400,1,1.5,0.5,9.781.046.444.625.010,20.801.366.111.562.500,1.17,14.605,105.0,0.0
d_os_20_15_2_6_20_9_20_3,d_os,20,6,20,9,20,3,uniform,15,0,uniform,2,0,400,1,1.5,0.5,7.501.045.295.243.500,14.158.863.238.108.700,0.3,18.375,129.7,0.0
d_os_20_15_2_6_20_9_25_3,d_os,20,6,20,9,25,3,uniform,15,0,uniform,2,0,400,1,1.5,0.5,6.948.775.445.563.520,12.564.438.613.908.800,0.08,19.23,137.5,0.1
d_os_20_15_2_9_20_9_5_3,d_os,20,9,20,9,5,3,uniform,15,0,uniform,2,0,400,1,1.5,0.5,25.128.262.722.042.100,6.157.065.680.510.540,4.335,5.0,35.0,0.0
d_os_20_15_2_9_20_9_10_3,d_os,20,9,20,9,10,3,uniform,15,0,uniform,2,0,400,1,1.5,0.5,14.442.563.894.212.400,33.616.409.735.531.100,2.36,9.96,77.4,0.0
d_os_20_15_2_9_20_9_15_3,d_os,20,9,20,9,15,3,uniform,15,0,uniform,2,0,400,1,1.5,0.5,9.421.134.457.064.890,19.917.836.142.662.200,1.035,14.54,106.4,0.0
d_os_20_15_2_9_20_9_20_3,d_os,20,9,20,9,20,3,uniform,15,0,uniform,2,0,400,1,1.5,0.5,716.551.307.134.888,13.376.282.678.372.200,0.23,18.15,132.1,0.0
d_os_20_15_2_9_20_9_25_3,d_os,20,9,20,9,25,3,uniform,15,0,uniform,2,0,400,1,1.5,0.5,722.075.795.706.279,13.091.894.892.656.900,95.0,19.84,138.8,0.1
d_os_20_15_2_12_20_9_5_3,d_os,20,12,20,9,5,3,uniform,15,0,uniform,2,0,400,1,1.5,0.5,23.790.875.456.632.600,5.822.718.864.158.150,4.135,5.0,36.0,0.0
d_os_20_15_2_12_20_9_10_3,d_os,20,12,20,9,10,3,uniform,15,0,uniform,2,0,400,1,1.5,0.5,1.586.803.685.567.080,37.180.092.139.177.100,2.635,9.96,67.6,0.0
d_os_20_15_2_12_20_9_15_3,d_os,20,12,20,9,15,3,uniform,15,0,uniform,2,0,400,1,1.5,0.5,991.303.770.345.174,21.130.094.258.629.300,1.135,14.61,102.2,0.0
d_os_20_15_2_12_20_9_20_3,d_os,20,12,20,9,20,3,uniform,15,0,uniform,2,0,400,1,1.5,0.5,7.410.420.282.102.590,13.914.800.705.256.400,265.0,18.445,130.1,0.0
d_os_20_15_2_12_20_9_25_3,d_os,20,12,20,9,25,3,uniform,15,0,uniform,2,0,400,1,1.5,0.5,7.177.533.451.970.020,13.017.583.629.925.000,95.0,19.705,140.2,0.2
d_os_20_15_2_15_20_9_5_3,d_os,20,15,20,9,5,3,uniform,15,0,uniform,2,0,400,1,1.5,0.5,23.817.704.562.592.700,582.942.614.064.818,4.04,5.0,35.0,0.0
d_os_20_15_2_15_20_9_10_3,d_os,20,15,20,9,10,3,uniform,15,0,uniform,2,0,400,1,1.5,0.5,1.429.995.826.988.100,3.325.989.567.470.260,2.275,9.96,71.4,0.0
d_os_20_15_2_15_20_9_15_3,d_os,20,15,20,9,15,3,uniform,15,0,uniform,2,0,400,1,1.5,0.5,9.277.317.437.902.040,19.549.543.594.755.100,0.92,14.575,103.5,0.0
d_os_20_15_2_15_20_9_20_3,d_os,20,15,20,9,20,3,uniform,15,0,uniform,2,0,400,1,1.5,0.5,7.623.430.014.122.580,14.392.325.035.306.400,315.0,18.665,129.3,0.0
d_os_20_15_2_15_20_9_25_3,d_os,20,15,20,9,25,3,uniform,15,0,uniform,2,0,400,1,1.5,0.5,7.062.062.451.846.080,12.722.656.129.615.200,0.07,19.73,140.0,0.1
d_os_20_15_2_6_25_9_5_3,d_os,20,6,25,9,5,3,uniform,15,0,uniform,2,0,400,1,1.5,0.5,24.567.459.038.103.300,6.016.864.759.525.840,4.285,5.0,34.0,0.0
d_os_20_15_2_6_25_9_10_3,d_os,20,6,25,9,10,3,uniform,15,0,uniform,2,0,400,1,1.5,0.5,14.933.788.132.776.500,3.484.447.033.194.140,2.46,9.96,71.4,0.0
d_os_20_15_2_6_25_9_15_3,d_os,20,6,25,9,15,3,uniform,15,0,uniform,2,0,400,1,1.5,0.5,9.322.123.852.395.930,19.664.059.630.989.800,1.01,14.565,105.9,0.0
d_os_20_15_2_6_25_9_20_3,d_os,20,6,25,9,20,3,uniform,15,0,uniform,2,0,400,1,1.5,0.5,697.035.495.541.202,12.812.137.388.530.000,0.14,18.455,131.4,0.0
d_os_20_15_2_6_25_9_25_3,d_os,20,6,25,9,25,3,uniform,15,0,uniform,2,0,400,1,1.5,0.5,6.846.399.239.912.230,12.128.498.099.780.500,0.0,19.95,140.4,0.2
d_os_20_15_2_9_25_9_5_3,d_os,20,9,25,9,5,3,uniform,15,0,uniform,2,0,400,1,1.5,0.5,23.146.381.911.149.800,5.661.595.477.787.450,3.99,5.0,37.0,0.0
d_os_20_15_2_9_25_9_10_3,d_os,20,9,25,9,10,3,uniform,15,0,uniform,2,0,400,1,1.5,0.5,14.222.511.221.697.000,33.066.278.054.242.600,2.38,9.96,70.0,0.0
d_os_20_15_2_9_25_9_15_3,d_os,20,9,25,9,15,3,uniform,15,0,uniform,2,0,400,1,1.5,0.5,8.715.292.224.509.200,18.145.730.561.273.000,895.0,14.57,103.8,0.0
d_os_20_15_2_9_25_9_20_3,d_os,20,9,25,9,20,3,uniform,15,0,uniform,2,0,400,1,1.5,0.5,7.010.488.041.840.720,12.923.720.104.601.800,0.17,18.41,130.1,0.0
d_os_20_15_2_9_25_9_25_3,d_os,20,9,25,9,25,3,uniform,15,0,uniform,2,0,400,1,1.5,0.5,6.711.145.180.222.630,11.801.612.950.556.500,0.0,19.905,142.1,0.2
d_os_20_15_2_12_25_9_5_3,d_os,20,12,25,9,5,3,uniform,15,0,uniform,2,0,400,1,1.5,0.5,2.252.798.196.793.480,5.506.995.491.983.700,3.855,5.0,37.0,0.0
d_os_20_15_2_12_25_9_10_3,d_os,20,12,25,9,10,3,uniform,15,0,uniform,2,0,400,1,1.5,0.5,13.700.603.555.160.100,31.761.508.887.900.300,2.125,9.96,72.4,0.0
d_os_20_15_2_12_25_9_15_3,d_os,20,12,25,9,15,3,uniform,15,0,uniform,2,0,400,1,1.5,0.5,8.497.220.720.785.250,17.599.301.801.963.100,805.0,14.575,103.0,0.0
d_os_20_15_2_12_25_9_20_3,d_os,20,12,25,9,20,3,uniform,15,0,uniform,2,0,400,1,1.5,0.5,7.026.912.110.578.490,12.957.280.276.446.200,175.0,18.44,129.4,0.0
d_os_20_15_2_12_25_9_25_3,d_os,20,12,25,9,25,3,uniform,15,0,uniform,2,0,400,1,1.5,0.5,6.895.091.890.604.510,12.210.229.726.511.200,0.0,20.11,139.2,0.1
d_os_20_15_2_15_25_9_5_3,d_os,20,15,25,9,5,3,uniform,15,0,uniform,2,0,400,1,1.5,0.5,2.258.478.643.327.160,5.521.196.608.317.900,3.785,5.0,36.0,0.0
d_os_20_15_2_15_25_9_10_3,d_os,20,15,25,9,10,3,uniform,15,0,uniform,2,0,400,1,1.5,0.5,13.188.755.843.857.400,3.048.188.960.964.360,2.0,9.96,71.8,0.0
d_os_20_15_2_15_25_9_15_3,d_os,20,15,25,9,15,3,uniform,15,0,uniform,2,0,400,1,1.5,0.5,8.926.635.279.405.460,18.657.838.198.513.600,0.79,14.635,103.6,0.0
d_os_20_15_2_15_25_9_20_3,d_os,20,15,25,9,20,3,uniform,15,0,uniform,2,0,400,1,1.5,0.5,6.852.201.840.148.700,12.560.504.600.371.700,95.0,18.28,131.2,0.0
d_os_20_15_2_15_25_9_25_3,d_os,20,15,25,9,25,3,uniform,15,0,uniform,2,0,400,1,1.5,0.5,6.828.551.407.859.700,12.350.128.519.649.200,0.0,18.885,138.3,0.2
d_os_20_20_2_6_10_9_5_3,d_os,20,6,10,9,5,3,uniform,20,0,uniform,2,0,400,1,1.5,0.5,3.061.307.002.094.160,7.528.267.505.235.400,6.835,5.0,38.0,0.0
d_os_20_20_2_6_10_9_10_3,d_os,20,6,10,9,10,3,uniform,20,0,uniform,2,0,400,1,1.5,0.5,22.897.601.290.965.100,5.475.400.322.741.290,4.985,9.96,74.8,0.0
d_os_20_20_2_6_10_9_15_3,d_os,20,6,10,9,15,3,uniform,20,0,uniform,2,0,400,1,1.5,0.5,18.226.199.903.755.800,41.975.499.759.389.500,3.545,14.36,106.1,0.0
d_os_20_20_2_6_10_9_20_3,d_os,20,6,10,9,20,3,uniform,20,0,uniform,2,0,400,1,1.5,0.5,1.628.787.647.343.910,36.302.191.183.597.700,2.91,17.67,125.7,0.8
d_os_20_20_2_6_10_9_25_3,d_os,20,6,10,9,25,3,uniform,20,0,uniform,2,0,400,1,1.5,0.5,15.830.770.635.207.900,3.491.442.658.801.980,2.81,18.65,130.2,0.3
d_os_20_20_2_9_10_9_5_3,d_os,20,9,10,9,5,3,uniform,20,0,uniform,2,0,400,1,1.5,0.5,3.032.871.846.043.640,7.457.179.615.109.120,6.855,5.0,34.0,0.0
d_os_20_20_2_9_10_9_10_3,d_os,20,9,10,9,10,3,uniform,20,0,uniform,2,0,400,1,1.5,0.5,2.227.459.767.599.160,5.319.649.418.997.900,4.805,9.96,75.2,0.0
d_os_20_20_2_9_10_9_15_3,d_os,20,9,10,9,15,3,uniform,20,0,uniform,2,0,400,1,1.5,0.5,18.384.317.854.812,4.231.829.463.703,3.57,14.57,102.2,0.0
d_os_20_20_2_9_10_9_20_3,d_os,20,9,10,9,20,3,uniform,20,0,uniform,2,0,400,1,1.5,0.5,16.341.340.990.267.100,3.634.335.247.566.790,3.115,18.04,127.3,0.6
d_os_20_20_2_9_10_9_25_3,d_os,20,9,10,9,25,3,uniform,20,0,uniform,2,0,400,1,1.5,0.5,16.168.474.597.773.200,35.928.686.494.433.000,2.715,17.97,129.0,0.4
d_os_20_20_2_12_10_9_5_3,d_os,20,12,10,9,5,3,uniform,20,0,uniform,2,0,400,1,1.5,0.5,29.894.775.666.085.500,7.348.693.916.521.380,6.575,5.0,37.0,0.0
d_os_20_20_2_12_10_9_10_3,d_os,20,12,10,9,10,3,uniform,20,0,uniform,2,0,400,1,1.5,0.5,2.286.860.083.460.820,5.468.150.208.652.060,4.925,9.96,70.0,0.0
d_os_20_20_2_12_10_9_15_3,d_os,20,12,10,9,15,3,uniform,20,0,uniform,2,0,400,1,1.5,0.5,18.276.627.676.561.500,4.204.406.919.140.390,3.465,14.59,102.1,0.0
d_os_20_20_2_12_10_9_20_3,d_os,20,12,10,9,20,3,uniform,20,0,uniform,2,0,400,1,1.5,0.5,15.621.117.481.380.100,3.465.904.370.345.040,2.61,17.575,126.4,0.6
d_os_20_20_2_12_10_9_25_3,d_os,20,12,10,9,25,3,uniform,20,0,uniform,2,0,400,1,1.5,0.5,1.564.362.871.102.400,3.452.907.177.756.000,2.72,18.32,130.9,0.7
d_os_20_20_2_15_10_9_5_3,d_os,20,15,10,9,5,3,uniform,20,0,uniform,2,0,400,1,1.5,0.5,2.926.677.703.172.590,7.191.694.257.931.490,6.455,5.0,36.0,0.0
d_os_20_20_2_15_10_9_10_3,d_os,20,15,10,9,10,3,uniform,20,0,uniform,2,0,400,1,1.5,0.5,22.412.165.844.140.100,5.354.041.461.035.040,4.755,9.96,70.0,0.0
d_os_20_20_2_15_10_9_15_3,d_os,20,15,10,9,15,3,uniform,20,0,uniform,2,0,400,1,1.5,0.5,17.759.490.397.079.800,40.759.975.992.699.600,3.19,14.555,106.1,0.0
d_os_20_20_2_15_10_9_20_3,d_os,20,15,10,9,20,3,uniform,20,0,uniform,2,0,400,1,1.5,0.5,16.185.872.509.091.600,3.601.718.127.272.920,2.9,17.79,126.5,0.3
d_os_20_20_2_15_10_9_25_3,d_os,20,15,10,9,25,3,uniform,20,0,uniform,2,0,400,1,1.5,0.5,15.515.759.266.785.900,3.426.189.816.696.480,2.67,18.11,128.2,0.3
d_os_20_20_2_6_15_9_5_3,d_os,20,6,15,9,5,3,uniform,20,0,uniform,2,0,400,1,1.5,0.5,2.831.638.073.283.380,695.409.518.320.846,6.505,5.0,39.0,0.0
d_os_20_20_2_6_15_9_10_3,d_os,20,6,15,9,10,3,uniform,20,0,uniform,2,0,400,1,1.5,0.5,22.478.794.486.826.600,5.370.698.621.706.660,4.955,9.96,70.4,0.0
d_os_20_20_2_6_15_9_15_3,d_os,20,6,15,9,15,3,uniform,20,0,uniform,2,0,400,1,1.5,0.5,16.443.840.680.573.800,3.745.335.170.143.470,3.235,14.625,108.8,0.0
d_os_20_20_2_6_15_9_20_3,d_os,20,6,15,9,20,3,uniform,20,0,uniform,2,0,400,1,1.5,0.5,13.531.512.255.397.900,2.918.253.063.849.480,2.24,18.585,130.8,0.0
d_os_20_20_2_6_15_9_25_3,d_os,20,6,15,9,25,3,uniform,20,0,uniform,2,0,400,1,1.5,0.5,1.328.859.125.376.080,2.804.397.813.440.200,2.115,20.71,148.0,0.3
d_os_20_20_2_9_15_9_5_3,d_os,20,9,15,9,5,3,uniform,20,0,uniform,2,0,400,1,1.5,0.5,2.854.653.786.256.460,701.163.446.564.116,6.555,5.0,35.0,0.0
d_os_20_20_2_9_15_9_10_3,d_os,20,9,15,9,10,3,uniform,20,0,uniform,2,0,400,1,1.5,0.5,2.191.553.457.163.850,522.988.364.290.964,4.915,9.96,68.4,0.0
d_os_20_20_2_9_15_9_15_3,d_os,20,9,15,9,15,3,uniform,20,0,uniform,2,0,400,1,1.5,0.5,16.194.717.325.122.200,36.826.793.312.805.500,3.205,14.64,105.3,0.0
d_os_20_20_2_9_15_9_20_3,d_os,20,9,15,9,20,3,uniform,20,0,uniform,2,0,400,1,1.5,0.5,13.922.483.645.179.800,3.009.370.911.294.970,2.185,18.85,128.5,0.0
d_os_20_20_2_9_15_9_25_3,d_os,20,9,15,9,25,3,uniform,20,0,uniform,2,0,400,1,1.5,0.5,12.574.087.461.699.600,2.632.896.865.424.910,1.97,20.425,144.1,0.4
d_os_20_20_2_12_15_9_5_3,d_os,20,12,15,9,5,3,uniform,20,0,uniform,2,0,400,1,1.5,0.5,278.583.270.301.567,6.839.581.757.539.170,6.265,5.0,38.0,0.0
d_os_20_20_2_12_15_9_10_3,d_os,20,12,15,9,10,3,uniform,20,0,uniform,2,0,400,1,1.5,0.5,21.296.705.126.257.300,5.075.176.281.564.330,4.635,9.96,71.0,0.0
d_os_20_20_2_12_15_9_15_3,d_os,20,12,15,9,15,3,uniform,20,0,uniform,2,0,400,1,1.5,0.5,16.471.576.770.648.900,37.511.441.926.622.300,3.155,14.67,103.0,0.0
d_os_20_20_2_12_15_9_20_3,d_os,20,12,15,9,20,3,uniform,20,0,uniform,2,0,400,1,1.5,0.5,13.406.716.618.619.200,28.860.541.546.548.100,2.1,18.625,134.0,0.0
d_os_20_20_2_12_15_9_25_3,d_os,20,12,15,9,25,3,uniform,20,0,uniform,2,0,400,1,1.5,0.5,12.010.384.841.741.700,2.499.971.210.435.430,1.6,20.105,144.4,0.3
d_os_20_20_2_15_15_9_5_3,d_os,20,15,15,9,5,3,uniform,20,0,uniform,2,0,400,1,1.5,0.5,28.488.173.152.503.500,6.997.043.288.125.890,6.235,5.0,36.0,0.0
d_os_20_20_2_15_15_9_10_3,d_os,20,15,15,9,10,3,uniform,20,0,uniform,2,0,400,1,1.5,0.5,21.490.779.381.928.600,5.123.694.845.482.160,4.68,9.96,66.4,0.0
d_os_20_20_2_15_15_9_15_3,d_os,20,15,15,9,15,3,uniform,20,0,uniform,2,0,400,1,1.5,0.5,1.580.728.205.478.360,35.860.705.136.959.200,2.935,14.63,105.7,0.0
d_os_20_20_2_15_15_9_20_3,d_os,20,15,15,9,20,3,uniform,20,0,uniform,2,0,400,1,1.5,0.5,1.317.013.639.109.830,28.324.090.977.745.700,2.05,18.405,133.6,0.0
d_os_20_20_2_15_15_9_25_3,d_os,20,15,15,9,25,3,uniform,20,0,uniform,2,0,400,1,1.5,0.5,12.647.112.453.909.400,2.653.653.113.477.360,1.865,20.325,143.1,0.4
d_os_20_20_2_6_20_9_5_3,d_os,20,6,20,9,5,3,uniform,20,0,uniform,2,0,400,1,1.5,0.5,28.116.374.170.139.800,6.904.093.542.534.950,6.455,5.0,35.0,0.0
d_os_20_20_2_6_20_9_10_3,d_os,20,6,20,9,10,3,uniform,20,0,uniform,2,0,400,1,1.5,0.5,20.919.169.336.199.500,49.807.923.340.498.900,4.705,9.96,70.0,0.0
d_os_20_20_2_6_20_9_15_3,d_os,20,6,20,9,15,3,uniform,20,0,uniform,2,0,400,1,1.5,0.5,15.511.777.613.344.900,35.113.194.033.362.400,3.135,14.665,103.5,0.0
d_os_20_20_2_6_20_9_20_3,d_os,20,6,20,9,20,3,uniform,20,0,uniform,2,0,400,1,1.5,0.5,1.183.735.600.195.250,24.849.640.004.881.300,1.97,18.975,131.2,0.0
d_os_20_20_2_6_20_9_25_3,d_os,20,6,20,9,25,3,uniform,20,0,uniform,2,0,400,1,1.5,0.5,10.302.942.783.333.300,20.472.356.958.333.200,1.355,21.14,150.5,0.2
d_os_20_20_2_9_20_9_5_3,d_os,20,9,20,9,5,3,uniform,20,0,uniform,2,0,400,1,1.5,0.5,2.743.838.041.644.230,6.734.595.104.110.590,6.165,5.0,38.0,0.0
d_os_20_20_2_9_20_9_10_3,d_os,20,9,20,9,10,3,uniform,20,0,uniform,2,0,400,1,1.5,0.5,2.034.550.159.487.570,48.373.753.987.189.400,4.475,9.96,72.0,0.0
d_os_20_20_2_9_20_9_15_3,d_os,20,9,20,9,15,3,uniform,20,0,uniform,2,0,400,1,1.5,0.5,15.232.594.440.538.100,3.441.523.610.134.530,3.025,14.665,103.4,0.0
d_os_20_20_2_9_20_9_20_3,d_os,20,9,20,9,20,3,uniform,20,0,uniform,2,0,400,1,1.5,0.5,11.249.101.557.195.200,2.339.400.389.298.810,1.705,18.915,135.7,0.0
d_os_20_20_2_9_20_9_25_3,d_os,20,9,20,9,25,3,uniform,20,0,uniform,2,0,400,1,1.5,0.5,10.440.555.395.587.100,20.766.388.488.967.800,1.42,21.34,150.6,0.1
d_os_20_20_2_12_20_9_5_3,d_os,20,12,20,9,5,3,uniform,20,0,uniform,2,0,400,1,1.5,0.5,27.149.053.631.392.600,6.662.263.407.848.160,6.015,5.0,38.0,0.0
d_os_20_20_2_12_20_9_10_3,d_os,20,12,20,9,10,3,uniform,20,0,uniform,2,0,400,1,1.5,0.5,19.779.127.696.289.800,46.957.819.240.724.500,4.345,9.96,71.4,0.0
d_os_20_20_2_12_20_9_15_3,d_os,20,12,20,9,15,3,uniform,20,0,uniform,2,0,400,1,1.5,0.5,14.452.071.703.109.400,3.246.392.925.777.360,2.815,14.665,103.8,0.0
d_os_20_20_2_12_20_9_20_3,d_os,20,12,20,9,20,3,uniform,20,0,uniform,2,0,400,1,1.5,0.5,1.145.222.510.267.650,23.894.312.756.691.400,1.725,18.945,129.3,0.0
d_os_20_20_2_12_20_9_25_3,d_os,20,12,20,9,25,3,uniform,20,0,uniform,2,0,400,1,1.5,0.5,10.101.045.984.571.200,2.004.886.496.142.810,1.17,20.815,146.9,0.1
d_os_20_20_2_15_20_9_5_3,d_os,20,15,20,9,5,3,uniform,20,0,uniform,2,0,400,1,1.5,0.5,26.925.953.339.373.700,6.606.488.334.843.440,5.95,5.0,36.0,0.0
d_os_20_20_2_15_20_9_10_3,d_os,20,15,20,9,10,3,uniform,20,0,uniform,2,0,400,1,1.5,0.5,19.318.264.183.561.700,4.580.566.045.890.440,4.175,9.96,72.0,0.0
d_os_20_20_2_15_20_9_15_3,d_os,20,15,20,9,15,3,uniform,20,0,uniform,2,0,400,1,1.5,0.5,14.429.806.910.086.900,32.413.267.275.217.300,2.83,14.645,100.9,0.0
d_os_20_20_2_15_20_9_20_3,d_os,20,15,20,9,20,3,uniform,20,0,uniform,2,0,400,1,1.5,0.5,11.089.803.155.161.600,22.995.757.887.904.000,1.63,18.915,137.9,0.0
d_os_20_20_2_15_20_9_25_3,d_os,20,15,20,9,25,3,uniform,20,0,uniform,2,0,400,1,1.5,0.5,10.054.066.543.279.100,19.992.666.358.197.900,1.175,20.57,147.9,0.1
d_os_20_20_2_6_25_9_5_3,d_os,20,6,25,9,5,3,uniform,20,0,uniform,2,0,400,1,1.5,0.5,27.611.082.778.926.100,6.777.770.694.731.520,6.215,5.0,35.0,0.0
d_os_20_20_2_6_25_9_10_3,d_os,20,6,25,9,10,3,uniform,20,0,uniform,2,0,400,1,1.5,0.5,19.452.817.459.464.100,46.142.043.648.660.400,4.305,9.96,73.4,0.0
d_os_20_20_2_6_25_9_15_3,d_os,20,6,25,9,15,3,uniform,20,0,uniform,2,0,400,1,1.5,0.5,12.980.931.804.059.300,2.879.357.951.014.830,2.635,14.635,109.0,0.0
d_os_20_20_2_6_25_9_20_3,d_os,20,6,25,9,20,3,uniform,20,0,uniform,2,0,400,1,1.5,0.5,10.550.766.153.974.500,21.634.415.384.936.300,1.615,18.97,133.5,0.0
d_os_20_20_2_6_25_9_25_3,d_os,20,6,25,9,25,3,uniform,20,0,uniform,2,0,400,1,1.5,0.5,9.100.267.038.774.910,1.736.941.759.693.720,1.095,21.525,149.8,0.0
d_os_20_20_2_9_25_9_5_3,d_os,20,9,25,9,5,3,uniform,20,0,uniform,2,0,400,1,1.5,0.5,26.649.956.336.557.200,6.537.489.084.139.320,5.975,5.0,37.0,0.0
d_os_20_20_2_9_25_9_10_3,d_os,20,9,25,9,10,3,uniform,20,0,uniform,2,0,400,1,1.5,0.5,1.888.990.263.278.670,447.347.565.819.669,4.375,9.96,68.8,0.0
d_os_20_20_2_9_25_9_15_3,d_os,20,9,25,9,15,3,uniform,20,0,uniform,2,0,400,1,1.5,0.5,1.425.551.816.238.140,31.972.545.405.953.500,2.935,14.665,99.7,0.0
d_os_20_20_2_9_25_9_20_3,d_os,20,9,25,9,20,3,uniform,20,0,uniform,2,0,400,1,1.5,0.5,1.015.820.360.648.310,20.658.009.016.207.800,1.545,18.95,129.4,0.0
d_os_20_20_2_9_25_9_25_3,d_os,20,9,25,9,25,3,uniform,20,0,uniform,2,0,400,1,1.5,0.5,9.345.437.871.560.760,1.803.609.467.890.190,1.155,21.31,152.8,0.1
d_os_20_20_2_12_25_9_5_3,d_os,20,12,25,9,5,3,uniform,20,0,uniform,2,0,400,1,1.5,0.5,2.579.569.027.790.450,6.323.922.569.476.140,5.755,5.0,38.0,0.0
d_os_20_20_2_12_25_9_10_3,d_os,20,12,25,9,10,3,uniform,20,0,uniform,2,0,400,1,1.5,0.5,18.632.410.499.032.000,4.409.102.624.758.010,4.135,9.96,71.0,0.0
d_os_20_20_2_12_25_9_15_3,d_os,20,12,25,9,15,3,uniform,20,0,uniform,2,0,400,1,1.5,0.5,13.017.869.272.343.800,2.888.092.318.085.960,2.475,14.655,107.3,0.0
d_os_20_20_2_12_25_9_20_3,d_os,20,12,25,9,20,3,uniform,20,0,uniform,2,0,400,1,1.5,0.5,10.006.415.607.097.700,2.028.478.901.774.420,1.42,18.925,132.6,0.0
d_os_20_20_2_12_25_9_25_3,d_os,20,12,25,9,25,3,uniform,20,0,uniform,2,0,400,1,1.5,0.5,8.974.008.114.904.300,1.711.752.028.726.070,1.045,21.27,151.4,0.0
d_os_20_20_2_15_25_9_5_3,d_os,20,15,25,9,5,3,uniform,20,0,uniform,2,0,400,1,1.5,0.5,2.610.462.184.823.340,6.401.155.462.058.360,5.715,5.0,36.0,0.0
d_os_20_20_2_15_25_9_10_3,d_os,20,15,25,9,10,3,uniform,20,0,uniform,2,0,400,1,1.5,0.5,18.020.496.117.484.800,4.256.124.029.371.200,3.97,9.96,71.0,0.0
d_os_20_20_2_15_25_9_15_3,d_os,20,15,25,9,15,3,uniform,20,0,uniform,2,0,400,1,1.5,0.5,1.236.051.149.251.080,27.243.778.731.277.100,2.2,14.63,109.8,0.0
d_os_20_20_2_15_25_9_20_3,d_os,20,15,25,9,20,3,uniform,20,0,uniform,2,0,400,1,1.5,0.5,9.755.820.211.361.560,19.645.800.528.403.900,1.315,18.975,138.0,0.0
d_os_20_20_2_15_25_9_25_3,d_os,20,15,25,9,25,3,uniform,20,0,uniform,2,0,400,1,1.5,0.5,900.434.764.819.509,17.218.369.120.487.700,1.05,21.17,150.8,0.0
d_os_20_25_2_6_10_9_5_3,d_os,20,6,10,9,5,3,uniform,25,0,uniform,2,0,400,1,1.5,0.5,31.600.888.579.894.100,7.775.222.144.973.520,8.57,5.0,37.0,0.0
d_os_20_25_2_6_10_9_10_3,d_os,20,6,10,9,10,3,uniform,25,0,uniform,2,0,400,1,1.5,0.5,256.091.171.510.198,6.153.279.287.754.950,6.855,9.96,71.4,0.0
d_os_20_25_2_6_10_9_15_3,d_os,20,6,10,9,15,3,uniform,25,0,uniform,2,0,400,1,1.5,0.5,2.166.734.957.735.360,5.050.962.394.338.400,5.395,14.635,102.7,0.0
d_os_20_25_2_6_10_9_20_3,d_os,20,6,10,9,20,3,uniform,25,0,uniform,2,0,400,1,1.5,0.5,18.868.927.761.557.500,42.722.319.403.893.900,4.365,17.8,128.5,0.1
d_os_20_25_2_6_10_9_25_3,d_os,20,6,10,9,25,3,uniform,25,0,uniform,2,0,400,1,1.5,0.5,18.730.774.156.355.600,41.975.685.390.889.000,4.115,19.405,133.6,0.2
d_os_20_25_2_9_10_9_5_3,d_os,20,9,10,9,5,3,uniform,25,0,uniform,2,0,400,1,1.5,0.5,3.134.664.546.087.060,7.711.661.365.217.660,8.47,5.0,36.0,0.0
d_os_20_25_2_9_10_9_10_3,d_os,20,9,10,9,10,3,uniform,25,0,uniform,2,0,400,1,1.5,0.5,26.117.646.907.403.600,6.280.411.726.850.910,6.885,9.96,67.8,0.0
d_os_20_25_2_9_10_9_15_3,d_os,20,9,10,9,15,3,uniform,25,0,uniform,2,0,400,1,1.5,0.5,21.126.409.046.744.300,4.915.477.261.686.080,5.105,14.645,105.5,0.0
d_os_20_25_2_9_10_9_20_3,d_os,20,9,10,9,20,3,uniform,25,0,uniform,2,0,400,1,1.5,0.5,18.881.376.883.529.900,4.260.969.220.882.490,4.28,18.375,129.1,0.1
d_os_20_25_2_9_10_9_25_3,d_os,20,9,10,9,25,3,uniform,25,0,uniform,2,0,400,1,1.5,0.5,18.688.897.367.552.300,41.932.243.418.880.800,4.32,19.16,133.8,0.2
d_os_20_25_2_12_10_9_5_3,d_os,20,12,10,9,5,3,uniform,25,0,uniform,2,0,400,1,1.5,0.5,31.404.285.424.070.800,7.726.071.356.017.720,8.285,5.0,37.0,0.0
d_os_20_25_2_12_10_9_10_3,d_os,20,12,10,9,10,3,uniform,25,0,uniform,2,0,400,1,1.5,0.5,2.512.854.727.544.430,6.033.136.818.861.080,6.575,9.96,71.0,0.0
d_os_20_25_2_12_10_9_15_3,d_os,20,12,10,9,15,3,uniform,25,0,uniform,2,0,400,1,1.5,0.5,20.953.052.763.137.800,487.213.819.078.447,5.085,14.645,103.8,0.0
d_os_20_25_2_12_10_9_20_3,d_os,20,12,10,9,20,3,uniform,25,0,uniform,2,0,400,1,1.5,0.5,1.848.646.191.579.470,4.161.365.478.948.690,4.265,18.41,128.4,0.1
d_os_20_25_2_12_10_9_25_3,d_os,20,12,10,9,25,3,uniform,25,0,uniform,2,0,400,1,1.5,0.5,18.091.788.794.212.700,4.056.572.198.553.190,4.205,18.655,133.2,0.4
d_os_20_25_2_15_10_9_5_3,d_os,20,15,10,9,5,3,uniform,25,0,uniform,2,0,400,1,1.5,0.5,3.084.276.991.664.790,7.585.692.479.161.980,8.17,5.0,36.0,0.0
d_os_20_25_2_15_10_9_10_3,d_os,20,15,10,9,10,3,uniform,25,0,uniform,2,0,400,1,1.5,0.5,2.533.348.907.499.270,6.084.372.268.748.180,6.585,9.96,68.0,0.0
d_os_20_25_2_15_10_9_15_3,d_os,20,15,10,9,15,3,uniform,25,0,uniform,2,0,400,1,1.5,0.5,20.501.452.419.890.400,47.601.131.049.726.000,4.975,14.61,100.6,0.0
d_os_20_25_2_15_10_9_20_3,d_os,20,15,10,9,20,3,uniform,25,0,uniform,2,0,400,1,1.5,0.5,18.533.033.505.574.800,41.705.083.763.937.000,4.26,18.51,128.0,0.2
d_os_20_25_2_15_10_9_25_3,d_os,20,15,10,9,25,3,uniform,25,0,uniform,2,0,400,1,1.5,0.5,18.241.155.052.241.500,40.942.887.630.603.800,4.115,18.64,132.6,0.2
d_os_20_25_2_6_15_9_5_3,d_os,20,6,15,9,5,3,uniform,25,0,uniform,2,0,400,1,1.5,0.5,3.105.246.651.545.060,7.638.116.628.862.650,8.37,5.0,36.0,0.0
d_os_20_25_2_6_15_9_10_3,d_os,20,6,15,9,10,3,uniform,25,0,uniform,2,0,400,1,1.5,0.5,24.644.687.309.215.400,5.912.171.827.303.860,6.645,9.96,71.0,0.0
d_os_20_25_2_6_15_9_15_3,d_os,20,6,15,9,15,3,uniform,25,0,uniform,2,0,400,1,1.5,0.5,19.123.309.691.858.300,44.148.274.229.645.900,4.925,14.64,106.4,0.0
d_os_20_25_2_6_15_9_20_3,d_os,20,6,15,9,20,3,uniform,25,0,uniform,2,0,400,1,1.5,0.5,16.354.473.843.070.100,36.146.184.607.675.300,3.855,18.96,136.4,0.1
d_os_20_25_2_6_15_9_25_3,d_os,20,6,15,9,25,3,uniform,25,0,uniform,2,0,400,1,1.5,0.5,154.425.530.631.831,3.329.513.265.795.770,3.24,21.245,148.9,0.1
d_os_20_25_2_9_15_9_5_3,d_os,20,9,15,9,5,3,uniform,25,0,uniform,2,0,400,1,1.5,0.5,30.602.081.219.482.000,7.525.520.304.870.500,8.225,5.0,36.0,0.0
d_os_20_25_2_9_15_9_10_3,d_os,20,9,15,9,10,3,uniform,25,0,uniform,2,0,400,1,1.5,0.5,2.383.716.005.058.850,5.710.290.012.647.130,6.365,9.96,73.6,0.0
d_os_20_25_2_9_15_9_15_3,d_os,20,9,15,9,15,3,uniform,25,0,uniform,2,0,400,1,1.5,0.5,19.627.311.285.445.700,4.540.327.821.361.430,4.97,14.66,103.3,0.0
d_os_20_25_2_9_15_9_20_3,d_os,20,9,15,9,20,3,uniform,25,0,uniform,2,0,400,1,1.5,0.5,16.128.718.184.101.800,35.551.795.460.254.700,3.49,19.08,134.4,0.1
d_os_20_25_2_9_15_9_25_3,d_os,20,9,15,9,25,3,uniform,25,0,uniform,2,0,400,1,1.5,0.5,1.484.260.993.451.210,3.188.527.483.628.030,3.04,20.885,147.7,0.1
d_os_20_25_2_12_15_9_5_3,d_os,20,12,15,9,5,3,uniform,25,0,uniform,2,0,400,1,1.5,0.5,30.625.046.107.417.900,7.531.261.526.854.480,8.12,5.0,35.0,0.0
d_os_20_25_2_12_15_9_10_3,d_os,20,12,15,9,10,3,uniform,25,0,uniform,2,0,400,1,1.5,0.5,23.774.147.711.651.900,5.694.536.927.912.990,6.25,9.96,73.0,0.0
d_os_20_25_2_12_15_9_15_3,d_os,20,12,15,9,15,3,uniform,25,0,uniform,2,0,400,1,1.5,0.5,19.812.581.126.198.500,45.863.952.815.496.400,4.965,14.67,99.3,0.0
d_os_20_25_2_12_15_9_20_3,d_os,20,12,15,9,20,3,uniform,25,0,uniform,2,0,400,1,1.5,0.5,15.985.643.479.270.800,3.521.285.869.817.700,3.56,19.005,137.9,0.1
d_os_20_25_2_12_15_9_25_3,d_os,20,12,15,9,25,3,uniform,25,0,uniform,2,0,400,1,1.5,0.5,1.485.122.626.301.790,3.183.806.565.754.490,3.085,21.16,148.6,0.1
d_os_20_25_2_15_15_9_5_3,d_os,20,15,15,9,5,3,uniform,25,0,uniform,2,0,400,1,1.5,0.5,29.387.801.276.116.500,7.221.950.319.029.130,7.87,5.0,37.0,0.0
d_os_20_25_2_15_15_9_10_3,d_os,20,15,15,9,10,3,uniform,25,0,uniform,2,0,400,1,1.5,0.5,23.481.950.097.602.600,5.621.487.524.400.670,6.08,9.96,73.0,0.0
d_os_20_25_2_15_15_9_15_3,d_os,20,15,15,9,15,3,uniform,25,0,uniform,2,0,400,1,1.5,0.5,18.711.580.352.812.700,43.112.700.882.031.800,4.6,14.665,104.0,0.0
d_os_20_25_2_15_15_9_20_3,d_os,20,15,15,9,20,3,uniform,25,0,uniform,2,0,400,1,1.5,0.5,1.593.172.180.997.130,35.133.054.524.928.400,3.445,18.785,136.5,0.1
d_os_20_25_2_15_15_9_25_3,d_os,20,15,15,9,25,3,uniform,25,0,uniform,2,0,400,1,1.5,0.5,1.517.602.802.325.800,32.656.320.058.145.100,3.265,21.135,149.5,0.1
d_os_20_25_2_6_20_9_5_3,d_os,20,6,20,9,5,3,uniform,25,0,uniform,2,0,400,1,1.5,0.5,30.150.733.604.549.300,7.412.683.401.137.330,8.075,5.0,37.0,0.0
d_os_20_25_2_6_20_9_10_3,d_os,20,6,20,9,10,3,uniform,25,0,uniform,2,0,400,1,1.5,0.5,24.266.779.160.026.500,581.769.479.000.663,6.64,9.96,65.6,0.0
d_os_20_25_2_6_20_9_15_3,d_os,20,6,20,9,15,3,uniform,25,0,uniform,2,0,400,1,1.5,0.5,18.091.027.469.365.200,415.600.686.734.131,4.77,14.67,105.5,0.0
d_os_20_25_2_6_20_9_20_3,d_os,20,6,20,9,20,3,uniform,25,0,uniform,2,0,400,1,1.5,0.5,14.097.323.098.076.700,30.509.557.745.191.700,3.255,18.935,136.6,0.0
d_os_20_25_2_6_20_9_25_3,d_os,20,6,20,9,25,3,uniform,25,0,uniform,2,0,400,1,1.5,0.5,1.321.122.538.214.500,2.760.681.345.536.260,2.75,21.685,154.7,0.0
d_os_20_25_2_9_20_9_5_3,d_os,20,9,20,9,5,3,uniform,25,0,uniform,2,0,400,1,1.5,0.5,2.935.738.824.050.010,7.214.347.060.125.040,7.92,5.0,37.0,0.0
d_os_20_25_2_9_20_9_10_3,d_os,20,9,20,9,10,3,uniform,25,0,uniform,2,0,400,1,1.5,0.5,22.870.065.993.808.800,5.468.516.498.452.200,6.25,9.96,71.4,0.0
d_os_20_25_2_9_20_9_15_3,d_os,20,9,20,9,15,3,uniform,25,0,uniform,2,0,400,1,1.5,0.5,18.445.482.640.530.200,4.244.620.660.132.550,4.745,14.67,102.7,0.0
d_os_20_25_2_9_20_9_20_3,d_os,20,9,20,9,20,3,uniform,25,0,uniform,2,0,400,1,1.5,0.5,14.463.062.697.801.000,3.138.890.674.450.250,3.335,19.075,132.8,0.0
d_os_20_25_2_9_20_9_25_3,d_os,20,9,20,9,25,3,uniform,25,0,uniform,2,0,400,1,1.5,0.5,13.126.928.668.570.300,2.742.107.167.142.590,2.76,21.585,154.0,0.0
d_os_20_25_2_12_20_9_5_3,d_os,20,12,20,9,5,3,uniform,25,0,uniform,2,0,400,1,1.5,0.5,28.615.806.289.478.100,7.028.951.572.369.540,7.625,5.0,40.0,0.0
d_os_20_25_2_12_20_9_10_3,d_os,20,12,20,9,10,3,uniform,25,0,uniform,2,0,400,1,1.5,0.5,23.442.692.017.113.500,5.611.673.004.278.380,6.15,9.96,69.6,0.0
d_os_20_25_2_12_20_9_15_3,d_os,20,12,20,9,15,3,uniform,25,0,uniform,2,0,400,1,1.5,0.5,17.757.268.611.222.800,4.072.567.152.805.700,4.665,14.67,100.1,0.0
d_os_20_25_2_12_20_9_20_3,d_os,20,12,20,9,20,3,uniform,25,0,uniform,2,0,400,1,1.5,0.5,1.431.713.898.000.820,3.101.409.745.002.070,3.215,19.115,135.1,0.0
d_os_20_25_2_12_20_9_25_3,d_os,20,12,20,9,25,3,uniform,25,0,uniform,2,0,400,1,1.5,0.5,13.127.433.130.026.500,2.735.858.282.506.640,2.73,21.84,154.7,0.0
d_os_20_25_2_15_20_9_5_3,d_os,20,15,20,9,5,3,uniform,25,0,uniform,2,0,400,1,1.5,0.5,29.187.589.077.544.600,7.171.897.269.386.160,7.67,5.0,36.0,0.0
d_os_20_25_2_15_20_9_10_3,d_os,20,15,20,9,10,3,uniform,25,0,uniform,2,0,400,1,1.5,0.5,2.212.279.347.178.960,5.281.698.367.947.410,5.97,9.96,70.0,0.0
d_os_20_25_2_15_20_9_15_3,d_os,20,15,20,9,15,3,uniform,25,0,uniform,2,0,400,1,1.5,0.5,17.602.578.315.353.500,4.033.894.578.838.390,4.49,14.67,101.2,0.0
d_os_20_25_2_15_20_9_20_3,d_os,20,15,20,9,20,3,uniform,25,0,uniform,2,0,400,1,1.5,0.5,14.366.155.469.866.100,31.151.638.674.665.400,3.195,19.055,135.6,0.0
d_os_20_25_2_15_20_9_25_3,d_os,20,15,20,9,25,3,uniform,25,0,uniform,2,0,400,1,1.5,0.5,1.331.251.054.304.700,27.771.276.357.617.600,2.77,22.04,153.5,0.0
d_os_20_25_2_6_25_9_5_3,d_os,20,6,25,9,5,3,uniform,25,0,uniform,2,0,400,1,1.5,0.5,28.950.102.145.930.500,7.112.525.536.482.630,7.87,5.0,36.0,0.0
d_os_20_25_2_6_25_9_10_3,d_os,20,6,25,9,10,3,uniform,25,0,uniform,2,0,400,1,1.5,0.5,22.543.626.308.576.600,5.386.906.577.144.170,6.28,9.96,68.0,0.0
d_os_20_25_2_6_25_9_15_3,d_os,20,6,25,9,15,3,uniform,25,0,uniform,2,0,400,1,1.5,0.5,17.483.174.558.811.700,4.004.168.639.702.920,4.675,14.665,100.9,0.0
d_os_20_25_2_6_25_9_20_3,d_os,20,6,25,9,20,3,uniform,25,0,uniform,2,0,400,1,1.5,0.5,13.299.333.568.748.000,28.488.333.921.870.000,3.12,19.04,135.8,0.0
d_os_20_25_2_6_25_9_25_3,d_os,20,6,25,9,25,3,uniform,25,0,uniform,2,0,400,1,1.5,0.5,11.798.945.587.972.800,2.398.111.396.993.210,2.455,22.065,156.6,0.0
d_os_20_25_2_9_25_9_5_3,d_os,20,9,25,9,5,3,uniform,25,0,uniform,2,0,400,1,1.5,0.5,28.548.696.809.058.600,7.012.174.202.264.660,7.72,5.0,36.0,0.0
d_os_20_25_2_9_25_9_10_3,d_os,20,9,25,9,10,3,uniform,25,0,uniform,2,0,400,1,1.5,0.5,2.173.096.027.427.890,518.374.006.856.973,6.08,9.96,69.0,0.0
d_os_20_25_2_9_25_9_15_3,d_os,20,9,25,9,15,3,uniform,25,0,uniform,2,0,400,1,1.5,0.5,16.355.072.144.164.900,37.221.430.360.412.300,4.29,14.665,106.7,0.0
d_os_20_25_2_9_25_9_20_3,d_os,20,9,25,9,20,3,uniform,25,0,uniform,2,0,400,1,1.5,0.5,13.356.080.499.310.500,2.859.895.124.827.630,3.04,19.165,136.4,0.0
d_os_20_25_2_9_25_9_25_3,d_os,20,9,25,9,25,3,uniform,25,0,uniform,2,0,400,1,1.5,0.5,11.681.784.611.424.900,23.696.961.528.562.300,2.41,22.03,156.8,0.0
d_os_20_25_2_12_25_9_5_3,d_os,20,12,25,9,5,3,uniform,25,0,uniform,2,0,400,1,1.5,0.5,2.850.151.527.056.940,7.000.378.817.642.350,7.62,5.0,35.0,0.0
d_os_20_25_2_12_25_9_10_3,d_os,20,12,25,9,10,3,uniform,25,0,uniform,2,0,400,1,1.5,0.5,21.158.549.027.227.800,5.040.637.256.806.970,5.875,9.96,70.0,0.0
d_os_20_25_2_12_25_9_15_3,d_os,20,12,25,9,15,3,uniform,25,0,uniform,2,0,400,1,1.5,0.5,16.633.786.000.622.900,3.791.946.500.155.720,4.31,14.66,103.8,0.0
d_os_20_25_2_12_25_9_20_3,d_os,20,12,25,9,20,3,uniform,25,0,uniform,2,0,400,1,1.5,0.5,12.873.484.998.323.800,27.419.962.495.809.700,2.845,19.055,140.1,0.0
d_os_20_25_2_12_25_9_25_3,d_os,20,12,25,9,25,3,uniform,25,0,uniform,2,0,400,1,1.5,0.5,11.626.282.695.588.700,23.569.456.738.971.700,2.4,21.985,157.5,0.0
d_os_20_25_2_15_25_9_5_3,d_os,20,15,25,9,5,3,uniform,25,0,uniform,2,0,400,1,1.5,0.5,2.749.416.374.463.130,6.748.540.936.157.830,7.37,5.0,37.0,0.0
d_os_20_25_2_15_25_9_10_3,d_os,20,15,25,9,10,3,uniform,25,0,uniform,2,0,400,1,1.5,0.5,20.919.150.954.108.000,4.980.787.738.527.010,5.56,9.96,74.0,0.0
d_os_20_25_2_15_25_9_15_3,d_os,20,15,25,9,15,3,uniform,25,0,uniform,2,0,400,1,1.5,0.5,15.780.188.684.989.800,3.578.672.171.247.470,4.065,14.655,104.8,0.0
d_os_20_25_2_15_25_9_20_3,d_os,20,15,25,9,20,3,uniform,25,0,uniform,2,0,400,1,1.5,0.5,1.288.768.776.780.660,27.439.219.419.516.600,2.86,19.12,134.0,0.0
d_os_20_25_2_15_25_9_25_3,d_os,20,15,25,9,25,3,uniform,25,0,uniform,2,0,400,1,1.5,0.5,11.682.837.566.992.800,23.724.593.917.482.000,2.39,21.93,157.5,0.0
